,close
2015-02-09,2366.77
2015-02-10,2403.55
2015-02-11,2415.13
2015-02-12,2416.45
2015-02-13,2427.47
2015-02-16,2431.21
2015-02-17,2445.26
2015-02-25,2407.46
2015-02-26,2478.06
2015-02-27,2474.59
2015-03-02,2479.24
2015-03-03,2396.8
2015-03-04,2397.99
2015-03-05,2366.9
2015-03-06,2371.62
2015-03-09,2429.87
2015-03-10,2395.43
2015-03-11,2408.5
2015-03-12,2485.11
2015-03-13,2495.28
2015-03-16,2550.86
2015-03-17,2583.2
2015-03-18,2649.64
2015-03-19,2630.24
2015-03-20,2680.68
2015-03-23,2720.67
2015-03-24,2683.65
2015-03-25,2649.16
2015-03-26,2687.76
2015-03-27,2689.24
2015-03-30,2784.46
2015-03-31,2754.66
2015-04-01,2799.45
2015-04-02,2781.64
2015-04-03,2817.18
2015-04-07,2889.45
2015-04-08,2952.08
2015-04-09,2931.77
2015-04-10,2986.61
2015-04-13,3041.13
2015-04-14,3052.41
2015-04-15,3053.3
2015-04-16,3183.3
2015-04-17,3235.33
2015-04-20,3164.46
2015-04-21,3214.36
2015-04-22,3299.22
2015-04-23,3273.4
2015-04-24,3223.96
2015-04-27,3308.45
2015-04-28,3282.33
2015-04-29,3283.28
2015-04-30,3250.49
2015-05-04,3272.01
2015-05-05,3148.81
2015-05-06,3139.02
2015-05-07,3094.88
2015-05-08,3110.45
2015-05-11,3169.13
2015-05-12,3188.31
2015-05-13,3141.3
2015-05-14,3128.57
2015-05-15,3060.41
2015-05-18,2998.39
2015-05-19,3116.09
2015-05-20,3122.85
2015-05-21,3150.9
2015-05-22,3248.86
2015-05-25,3349.95
2015-05-26,3386.59
2015-05-27,3344.74
2015-05-28,3124.62
2015-05-29,3111.33
2015-06-01,3244.32
2015-06-02,3258.31
2015-06-03,3238.43
2015-06-04,3299.03
2015-06-05,3303.99
2015-06-08,3458.71
2015-06-09,3414.0
2015-06-10,3370.38
2015-06-11,3347.12
2015-06-12,3350.25
2015-06-15,3262.48
2015-06-16,3179.65
2015-06-17,3211.71
2015-06-18,3068.49
2015-06-19,2903.06
2015-06-23,3003.16
2015-06-24,3045.24
2015-06-25,2943.99
2015-06-26,2736.7
2015-06-29,2678.37
2015-06-30,2870.03
2015-07-01,2736.85
2015-07-02,2714.25
2015-07-03,2582.27
2015-07-06,2750.0
2015-07-07,2812.45
2015-07-08,2608.98
2015-07-09,2781.08
2015-07-10,2898.41
2015-07-13,2869.05
2015-07-14,2763.07
2015-07-15,2757.95
2015-07-16,2742.85
2015-07-17,2807.07
2015-07-20,2783.76
2015-07-21,2772.77
2015-07-22,2739.79
2015-07-23,2790.76
2015-07-24,2741.04
2015-07-27,2493.29
2015-07-28,2485.67
2015-07-29,2531.45
2015-07-30,2467.37
2015-07-31,2461.24
2015-08-03,2479.72
2015-08-04,2534.71
2015-08-05,2487.06
2015-08-06,2467.53
2015-08-07,2503.8
2015-08-10,2617.66
2015-08-11,2590.71
2015-08-12,2561.13
2015-08-13,2580.78
2015-08-14,2577.04
2015-08-17,2550.47
2015-08-18,2407.97
2015-08-19,2430.28
2015-08-20,2356.92
2015-08-21,2271.36
2015-08-24,2058.25
2015-08-25,1914.05
2015-08-26,1942.45
2015-08-27,2094.72
2015-08-28,2159.96
2015-08-31,2210.45
2015-09-01,2230.32
2015-09-02,2243.63
2015-09-07,2133.98
2015-09-08,2180.13
2015-09-09,2211.2
2015-09-10,2208.48
2015-09-11,2195.39
2015-09-14,2228.15
2015-09-15,2175.17
2015-09-16,2241.95
2015-09-17,2194.82
2015-09-18,2198.99
2015-09-21,2214.45
2015-09-22,2237.31
2015-09-23,2178.55
2015-09-24,2188.09
2015-09-25,2183.4
2015-09-28,2169.94
2015-09-29,2127.2
2015-09-30,2146.12
2015-10-08,2191.34
2015-10-09,2219.29
2015-10-12,2283.43
2015-10-13,2270.95
2015-10-14,2253.91
2015-10-15,2297.9
2015-10-16,2323.78
2015-10-19,2318.47
2015-10-20,2337.08
2015-10-21,2340.36
2015-10-22,2331.79
2015-10-23,2343.97
2015-10-26,2350.02
2015-10-27,2349.9
2015-10-28,2310.7
2015-10-29,2307.34
2015-10-30,2312.97
2015-11-02,2280.09
2015-11-03,2271.65
2015-11-04,2370.5
2015-11-05,2440.65
2015-11-06,2493.48
2015-11-09,2534.08
2015-11-10,2522.68
2015-11-11,2505.83
2015-11-12,2476.43
2015-11-13,2447.77
2015-11-16,2447.29
2015-11-17,2453.26
2015-11-18,2439.45
2015-11-19,2468.49
2015-11-20,2466.76
2015-11-23,2456.84
2015-11-24,2447.9
2015-11-25,2459.56
2015-11-26,2450.96
2015-11-27,2334.44
2015-11-30,2336.29
2015-12-01,2344.83
2015-12-02,2458.41
2015-12-03,2461.45
2015-12-04,2397.56
2015-12-07,2395.58
2015-12-08,2364.34
2015-12-09,2369.74
2015-12-10,2357.21
2015-12-11,2342.45
2015-12-14,2414.92
2015-12-15,2383.83
2015-12-16,2376.53
2015-12-17,2408.32
2015-12-18,2422.84
2015-12-21,2500.06
2015-12-22,2496.05
2015-12-23,2503.06
2015-12-24,2481.75
2015-12-25,2492.34
2015-12-28,2411.41
2015-12-29,2432.88
2015-12-30,2432.77
2015-12-31,2420.8
2016-01-04,2270.46
2016-01-05,2288.11
2016-01-06,2317.65
2016-01-07,2180.59
2016-01-08,2219.61
2016-01-11,2120.23
2016-01-12,2131.37
2016-01-13,2105.51
2016-01-14,2132.08
2016-01-15,2070.93
2016-01-18,2069.27
2016-01-19,2128.57
2016-01-20,2088.72
2016-01-21,2040.98
2016-01-22,2061.96
2016-01-25,2065.44
2016-01-26,1951.61
2016-01-27,1953.46
2016-01-28,1912.72
2016-01-29,1973.01
2016-02-01,1937.07
2016-02-02,1969.62
2016-02-03,1952.37
2016-02-04,1974.24
2016-02-05,1967.26
2016-02-15,1948.28
2016-02-16,2000.9
2016-02-17,2014.44
2016-02-18,2009.27
2016-02-19,2004.11
2016-02-22,2053.86
2016-02-23,2029.52
2016-02-24,2041.39
2016-02-25,1932.6
2016-02-26,1955.4
2016-02-29,1944.61
2016-03-01,1973.19
2016-03-02,2043.41
2016-03-03,2053.27
2016-03-04,2122.27
2016-03-07,2107.67
2016-03-08,2115.16
2016-03-09,2111.92
2016-03-10,2061.45
2016-03-11,2070.72
2016-03-14,2078.41
2016-03-15,2101.12
2016-03-16,2136.13
2016-03-17,2131.48
2016-03-18,2141.18
2016-03-21,2193.39
2016-03-22,2173.26
2016-03-23,2175.28
2016-03-24,2137.59
2016-03-25,2149.2
2016-03-28,2123.03
2016-03-29,2106.86
2016-03-30,2157.53
2016-03-31,2156.54
2016-04-01,2167.78
2016-04-05,2180.26
2016-04-06,2168.04
2016-04-07,2139.4
2016-04-08,2123.8
2016-04-11,2148.44
2016-04-12,2143.9
2016-04-13,2171.32
2016-04-14,2178.87
2016-04-15,2182.07
2016-04-18,2158.23
2016-04-19,2163.61
2016-04-20,2154.89
2016-04-21,2147.72
2016-04-22,2157.72
2016-04-25,2148.28
2016-04-26,2155.79
2016-04-27,2145.38
2016-04-28,2142.06
2016-04-29,2135.51
2016-05-03,2158.27
2016-05-04,2152.93
2016-05-05,2152.88
2016-05-06,2107.01
2016-05-09,2072.47
2016-05-10,2072.38
2016-05-11,2078.41
2016-05-12,2084.84
2016-05-13,2076.19
2016-05-16,2082.62
2016-05-17,2075.47
2016-05-18,2078.76
2016-05-19,2073.8
2016-05-20,2083.12
2016-05-23,2082.41
2016-05-24,2066.64
2016-05-25,2071.91
2016-05-26,2076.14
2016-05-27,2074.92
2016-05-30,2092.16
2016-05-31,2155.66
2016-06-01,2138.96
2016-06-02,2137.65
2016-06-03,2152.64
2016-06-06,2136.32
2016-06-07,2139.07
2016-06-08,2132.96
2016-06-13,2084.3
2016-06-14,2095.02
2016-06-15,2106.63
2016-06-16,2094.81
2016-06-17,2102.2
2016-06-20,2104.22
2016-06-21,2104.56
2016-06-22,2115.77
2016-06-23,2105.53
2016-06-24,2076.3
2016-06-27,2095.89
2016-06-28,2102.05
2016-06-29,2122.97
2016-06-30,2122.63
2016-07-01,2127.09
2016-07-04,2163.29
2016-07-05,2168.86
2016-07-06,2167.1
2016-07-07,2166.88
2016-07-08,2148.76
2016-07-11,2155.72
2016-07-12,2200.35
2016-07-13,2197.79
2016-07-14,2195.23
2016-07-15,2192.39
2016-07-18,2187.98
2016-07-19,2175.4
2016-07-20,2167.12
2016-07-21,2177.78
2016-07-22,2157.23
2016-07-25,2159.55
2016-07-26,2182.51
2016-07-27,2173.97
2016-07-28,2163.81
2016-07-29,2155.24
2016-08-01,2147.56
2016-08-02,2148.45
2016-08-03,2145.79
2016-08-04,2143.84
2016-08-05,2148.68
2016-08-08,2159.67
2016-08-09,2175.34
2016-08-10,2170.1
2016-08-11,2177.06
2016-08-12,2222.49
2016-08-15,2287.66
2016-08-16,2257.7
2016-08-17,2253.74
2016-08-18,2244.72
2016-08-19,2249.34
2016-08-22,2237.13
2016-08-23,2241.95
2016-08-24,2232.21
2016-08-25,2222.15
2016-08-26,2219.31
2016-08-29,2214.26
2016-08-30,2224.06
2016-08-31,2232.71
2016-09-01,2220.4
2016-09-02,2229.89
2016-09-05,2228.72
2016-09-06,2232.45
2016-09-07,2236.55
2016-09-08,2236.63
2016-09-09,2229.31
2016-09-12,2199.98
2016-09-13,2193.19
2016-09-14,2176.52
2016-09-19,2189.46
2016-09-20,2184.21
2016-09-21,2187.15
2016-09-22,2200.7
2016-09-23,2196.29
2016-09-26,2167.26
2016-09-27,2176.45
2016-09-28,2166.72
2016-09-29,2175.37
2016-09-30,2177.35
2016-10-10,2202.87
2016-10-11,2209.23
2016-10-12,2201.0
2016-10-13,2202.12
2016-10-14,2209.81
2016-10-17,2192.88
2016-10-18,2222.78
2016-10-19,2221.53
2016-10-20,2223.42
2016-10-21,2240.75
2016-10-24,2270.95
2016-10-25,2266.17
2016-10-26,2257.12
2016-10-27,2250.26
2016-10-28,2253.8
2016-10-31,2250.47
2016-11-01,2263.48
2016-11-02,2244.74
2016-11-03,2273.63
2016-11-04,2271.93
2016-11-07,2276.95
2016-11-08,2282.42
2016-11-09,2263.92
2016-11-10,2289.45
2016-11-11,2308.43
2016-11-14,2317.77
2016-11-15,2310.9
2016-11-16,2309.94
2016-11-17,2316.72
2016-11-18,2307.27
2016-11-21,2334.68
2016-11-22,2353.0
2016-11-23,2360.34
2016-11-24,2368.73
2016-11-25,2393.95
2016-11-28,2403.14
2016-11-29,2441.58
2016-11-30,2419.41
2016-12-01,2431.31
2016-12-02,2416.51
2016-12-05,2375.26
2016-12-06,2368.68
2016-12-07,2376.92
2016-12-08,2379.0
2016-12-09,2411.31
2016-12-12,2387.16
2016-12-13,2372.93
2016-12-14,2360.38
2016-12-15,2309.82
2016-12-16,2302.32
2016-12-19,2291.38
2016-12-20,2279.68
2016-12-21,2297.37
2016-12-22,2292.04
2016-12-23,2278.48
2016-12-26,2294.71
2016-12-27,2286.96
2016-12-28,2277.18
2016-12-29,2275.11
2016-12-30,2286.9
2017-01-03,2307.89
2017-01-04,2322.21
2017-01-05,2322.68
2017-01-06,2308.94
2017-01-09,2318.34
2017-01-10,2312.6
2017-01-11,2300.47
2017-01-12,2295.4
2017-01-13,2308.06
2017-01-16,2337.39
2017-01-17,2329.59
2017-01-18,2342.78
2017-01-19,2334.96
2017-01-20,2347.18
2017-01-23,2347.1
2017-01-24,2352.42
2017-01-25,2358.7
2017-01-26,2364.02
2017-02-03,2339.99
2017-02-06,2343.97
2017-02-07,2337.53
2017-02-08,2346.43
2017-02-09,2354.9
2017-02-10,2368.18
2017-02-13,2379.31
2017-02-14,2373.51
2017-02-15,2372.19
2017-02-16,2376.76
2017-02-17,2362.71
2017-02-20,2394.12
2017-02-21,2396.88
2017-02-22,2398.19
2017-02-23,2387.42
2017-02-24,2389.88
2017-02-27,2370.56
2017-02-28,2370.71
2017-03-01,2371.93
2017-03-02,2354.91
2017-03-03,2347.15
2017-03-06,2349.89
2017-03-07,2356.29
2017-03-08,2358.07
2017-03-09,2346.55
2017-03-10,2339.23
2017-03-13,2354.89
2017-03-14,2354.9
2017-03-15,2357.31
2017-03-16,2369.19
2017-03-17,2346.96
2017-03-20,2350.07
2017-03-21,2357.14
2017-03-22,2338.55
2017-03-23,2347.43
2017-03-24,2365.6
2017-03-27,2364.43
2017-03-28,2356.31
2017-03-29,2352.69
2017-03-30,2346.67
2017-03-31,2359.75
2017-04-05,2384.26
2017-04-06,2390.39
2017-04-07,2388.27
2017-04-10,2379.16
2017-04-11,2382.11
2017-04-12,2378.86
2017-04-13,2368.11
2017-04-14,2355.52
2017-04-17,2357.52
2017-04-18,2337.35
2017-04-19,2325.04
2017-04-20,2335.65
2017-04-21,2347.67
2017-04-24,2341.93
2017-04-25,2344.74
2017-04-26,2344.5
2017-04-27,2351.64
2017-04-28,2347.04
2017-05-02,2336.79
2017-05-03,2329.77
2017-05-04,2325.43
2017-05-05,2320.6
2017-05-08,2326.1
2017-05-09,2316.29
2017-05-10,2324.92
2017-05-11,2339.29
2017-05-12,2375.45
2017-05-15,2381.75
2017-05-16,2381.32
2017-05-17,2363.56
2017-05-18,2354.75
2017-05-19,2361.66
2017-05-22,2381.55
2017-05-23,2411.8
2017-05-24,2407.57
2017-05-25,2473.5
2017-05-26,2471.21
2017-05-31,2479.08
2017-06-01,2496.45
2017-06-02,2475.46
2017-06-05,2450.35
2017-06-06,2466.01
2017-06-07,2484.03
2017-06-08,2507.03
2017-06-09,2519.27
2017-06-12,2521.17
2017-06-13,2515.14
2017-06-14,2477.32
2017-06-15,2461.97
2017-06-16,2452.79
2017-06-19,2484.12
2017-06-20,2474.43
2017-06-21,2497.25
2017-06-22,2516.67
2017-06-23,2529.1
2017-06-26,2543.32
2017-06-27,2554.7
2017-06-28,2537.64
2017-06-29,2552.98
2017-06-30,2549.97
2017-07-03,2534.37
2017-07-04,2511.15
2017-07-05,2548.1
2017-07-06,2553.88
2017-07-07,2543.66
2017-07-10,2550.11
2017-07-11,2570.59
2017-07-12,2565.14
2017-07-13,2600.95
2017-07-14,2622.98
2017-07-17,2631.41
2017-07-18,2624.31
2017-07-19,2657.89
2017-07-20,2665.45
2017-07-21,2639.21
2017-07-24,2654.38
2017-07-25,2643.07
2017-07-26,2636.2
2017-07-27,2636.63
2017-07-28,2636.39
2017-07-31,2638.12
2017-08-01,2681.81
2017-08-02,2680.63
2017-08-03,2646.22
2017-08-04,2627.8
2017-08-07,2634.18
2017-08-08,2635.18
2017-08-09,2620.38
2017-08-10,2611.34
2017-08-11,2570.26
2017-08-14,2591.45
2017-08-15,2605.24
2017-08-16,2595.0
2017-08-17,2604.08
2017-08-18,2613.26
2017-08-21,2616.82
2017-08-22,2643.5
2017-08-23,2659.78
2017-08-24,2646.4
2017-08-25,2706.24
2017-08-28,2736.46
2017-08-29,2739.13
2017-08-30,2728.23
2017-08-31,2714.63
2017-09-01,2710.12
2017-09-04,2711.35
2017-09-05,2729.85
2017-09-06,2714.33
2017-09-07,2691.83
2017-09-08,2686.69
2017-09-11,2674.75
2017-09-12,2692.54
2017-09-13,2687.67
2017-09-14,2672.84
2017-09-15,2668.38
2017-09-18,2674.18
2017-09-19,2670.69
2017-09-20,2662.63
2017-09-21,2675.55
2017-09-22,2679.05
2017-09-25,2680.65
2017-09-26,2678.99
2017-09-27,2661.55
2017-09-28,2661.28
2017-09-29,2672.33
2017-10-09,2692.08
2017-10-10,2695.54
2017-10-11,2707.52
2017-10-12,2718.35
2017-10-13,2713.38
2017-10-16,2726.64
2017-10-17,2723.53
2017-10-18,2753.01
2017-10-19,2756.04
2017-10-20,2737.64
2017-10-23,2734.37
2017-10-24,2753.65
2017-10-25,2752.14
2017-10-26,2771.04
2017-10-27,2814.27
2017-10-30,2809.11
2017-10-31,2793.71
2017-11-01,2789.4
2017-11-02,2794.1
2017-11-03,2800.47
2017-11-06,2792.22
2017-11-07,2821.96
2017-11-08,2819.96
2017-11-09,2832.96
2017-11-10,2862.34
2017-11-13,2873.51
2017-11-14,2861.42
2017-11-15,2850.05
2017-11-16,2879.4
2017-11-17,2938.8
2017-11-20,2941.15
2017-11-21,2987.17
2017-11-22,3012.36
2017-11-23,2940.73
2017-11-24,2936.83
2017-11-27,2917.31
2017-11-28,2897.11
2017-11-29,2893.28
2017-11-30,2863.45
2017-12-01,2842.18
2017-12-04,2861.36
2017-12-05,2910.48
2017-12-06,2875.73
2017-12-07,2848.89
2017-12-08,2865.34
2017-12-11,2899.1
2017-12-12,2850.2
2017-12-13,2872.94
2017-12-14,2850.05
2017-12-15,2820.17
2017-12-18,2829.06
2017-12-19,2873.03
2017-12-20,2879.64
2017-12-21,2895.37
2017-12-22,2880.77
2017-12-25,2880.1
2017-12-26,2894.34
2017-12-27,2839.63
2017-12-28,2859.05
2017-12-29,2860.44
2018-01-02,2908.73
2018-01-03,2913.26
2018-01-04,2919.48
2018-01-05,2932.36
2018-01-08,2947.76
2018-01-09,2969.32
2018-01-10,2995.56
2018-01-11,2997.04
2018-01-12,3018.6
2018-01-15,3048.81
2018-01-16,3063.86
2018-01-17,3076.18
2018-01-18,3106.55
2018-01-19,3117.82
2018-01-22,3130.33
2018-01-23,3176.5
2018-01-24,3180.33
2018-01-25,3157.46
2018-01-26,3172.78
2018-01-29,3120.7
2018-01-30,3079.12
2018-01-31,3116.83
2018-02-01,3141.23
2018-02-02,3149.64
2018-02-05,3181.34
2018-02-06,3117.49
2018-02-07,3029.6
2018-02-08,2945.84
2018-02-09,2810.03
2018-02-12,2805.21
2018-02-13,2852.72
2018-02-14,2871.79
2018-02-22,2931.88
2018-02-23,2957.17
2018-02-26,2973.79
2018-02-27,2927.1
2018-02-28,2878.67
2018-03-01,2891.3
2018-03-02,2864.18
2018-03-05,2863.99
2018-03-06,2892.48
2018-03-07,2878.15
2018-03-08,2898.25
2018-03-09,2908.2
2018-03-12,2909.58
2018-03-13,2883.38
2018-03-14,2871.33
2018-03-15,2894.98
2018-03-16,2870.73
2018-03-19,2897.26
2018-03-20,2904.4
2018-03-21,2894.18
2018-03-22,2866.67
2018-03-23,2791.47
2018-03-26,2738.87
2018-03-27,2747.59
2018-03-28,2694.83
2018-03-29,2738.79
2018-03-30,2722.15
2018-04-02,2711.37
2018-04-03,2697.27
2018-04-04,2702.37
2018-04-09,2715.73
2018-04-10,2780.8
2018-04-11,2785.34
2018-04-12,2749.7
2018-04-13,2726.4
2018-04-16,2664.7
2018-04-17,2635.7
2018-04-18,2653.77
2018-04-19,2682.55
2018-04-20,2647.38
2018-04-23,2664.92
2018-04-24,2722.85
2018-04-25,2702.98
2018-04-26,2666.02
2018-04-27,2653.54
2018-05-02,2652.73
2018-05-03,2663.98
2018-05-04,2646.35
2018-05-07,2683.85
2018-05-08,2722.88
2018-05-09,2717.24
2018-05-10,2729.4
2018-05-11,2724.72
2018-05-14,2753.54
2018-05-15,2750.83
2018-05-16,2716.78
2018-05-17,2700.88
2018-05-18,2740.53
2018-05-21,2745.8
2018-05-22,2728.0
2018-05-23,2683.69
2018-05-24,2665.68
2018-05-25,2661.29
2018-05-28,2673.2
2018-05-29,2663.4
2018-05-30,2605.9
2018-05-31,2658.29
2018-06-01,2647.19
2018-06-04,2694.58
2018-06-05,2707.02
2018-06-06,2692.18
2018-06-07,2695.24
2018-06-08,2652.08
2018-06-11,2660.41
2018-06-12,2687.7
2018-06-13,2671.63
2018-06-14,2671.3
2018-06-15,2667.98
2018-06-19,2599.78
2018-06-20,2598.33
2018-06-21,2579.05
2018-06-22,2583.71
2018-06-25,2536.46
2018-06-26,2506.72
2018-06-27,2452.64
2018-06-28,2425.18
2018-06-29,2479.91
2018-07-02,2386.38
2018-07-03,2388.98
2018-07-04,2368.43
2018-07-05,2374.36
2018-07-06,2402.62
2018-07-09,2471.29
2018-07-10,2471.23
2018-07-11,2432.28
2018-07-12,2474.62
2018-07-13,2476.86
2018-07-16,2448.76
2018-07-17,2430.44
2018-07-18,2420.76
2018-07-19,2426.16
2018-07-20,2493.76
2018-07-23,2526.81
2018-07-24,2563.58
2018-07-25,2563.69
2018-07-26,2530.99
2018-07-27,2525.09
2018-07-30,2541.31
2018-07-31,2545.12
2018-08-01,2490.25
2018-08-02,2440.31
2018-08-03,2413.5
2018-08-06,2406.54
2018-08-07,2479.78
2018-08-08,2447.0
2018-08-09,2504.62
2018-08-10,2503.21
2018-08-13,2478.51
2018-08-14,2469.2
2018-08-15,2408.72
2018-08-16,2405.16
2018-08-17,2374.17
2018-08-20,2409.13
2018-08-21,2452.38
2018-08-22,2450.15
2018-08-23,2461.07
2018-08-24,2472.0
2018-08-27,2522.34
2018-08-28,2511.15
2018-08-29,2503.48
2018-08-30,2479.21
2018-08-31,2474.48
2018-09-03,2465.88
2018-09-04,2500.44
2018-09-05,2441.23
2018-09-06,2416.03
2018-09-07,2437.68
2018-09-10,2413.43
2018-09-11,2398.77
2018-09-12,2381.39
2018-09-13,2415.31
2018-09-14,2425.42
2018-09-17,2399.88
2018-09-18,2458.77
2018-09-19,2487.08
2018-09-20,2487.42
2018-09-21,2573.6
2018-09-25,2547.79
2018-09-26,2582.77
2018-09-27,2575.45
2018-09-28,2606.67
2018-10-08,2486.82
2018-10-09,2491.66
2018-10-10,2494.06
2018-10-11,2390.5
2018-10-12,2444.13
2018-10-15,2412.48
2018-10-16,2415.49
2018-10-17,2429.21
2018-10-18,2369.07
2018-10-19,2446.32
2018-10-22,2540.15
2018-10-23,2464.81
2018-10-24,2477.49
2018-10-25,2485.1
2018-10-26,2468.91
2018-10-29,2389.58
2018-10-30,2415.65
2018-10-31,2451.12
2018-11-01,2460.16
2018-11-02,2542.77
2018-11-05,2511.59
2018-11-06,2499.68
2018-11-07,2482.33
2018-11-08,2486.0
2018-11-09,2434.21
2018-11-12,2444.97
2018-11-13,2462.97
2018-11-14,2429.99
2018-11-15,2459.14
2018-11-16,2461.44
2018-11-19,2492.08
2018-11-20,2446.79
2018-11-21,2451.27
2018-11-22,2437.64
2018-11-23,2399.2
2018-11-26,2401.9
2018-11-27,2394.29
2018-11-28,2421.13
2018-11-29,2401.85
2018-11-30,2428.04
2018-12-03,2488.06
2018-12-04,2496.14
2018-12-05,2481.79
2018-12-06,2434.49
2018-12-07,2430.72
2018-12-10,2408.61
2018-12-11,2415.58
2018-12-12,2423.32
2018-12-13,2457.9
2018-12-14,2423.38
2018-12-17,2425.94
2018-12-18,2397.87
2018-12-19,2369.55
2018-12-20,2334.92
2018-12-21,2306.15
2018-12-24,2309.23
2018-12-25,2297.33
2018-12-26,2281.56
2018-12-27,2276.06
2018-12-28,2293.1
2019-01-02,2262.79
2019-01-03,2269.24
2019-01-04,2314.65
2019-01-07,2314.32
2019-01-08,2305.17
2019-01-09,2332.72
2019-01-10,2331.85
2019-01-11,2354.5
2019-01-14,2331.14
2019-01-15,2378.37
2019-01-16,2381.22
2019-01-17,2371.35
2019-01-18,2417.36
2019-01-21,2432.49
2019-01-22,2401.23
2019-01-23,2397.05
2019-01-24,2411.56
2019-01-25,2441.64
2019-01-28,2437.03
2019-01-29,2455.9
2019-01-30,2440.01
2019-01-31,2483.47
2019-02-01,2499.64
2019-02-11,2527.47
2019-02-12,2533.18
2019-02-13,2580.61
2019-02-14,2576.31
2019-02-15,2517.46
2019-02-18,2582.85
2019-02-19,2579.05
2019-02-20,2588.17
2019-02-21,2577.23
2019-02-22,2623.07
2019-02-25,2787.7
2019-02-26,2733.9
2019-02-27,2750.34
2019-02-28,2743.97
2019-03-01,2819.47
2019-03-04,2832.59
2019-03-05,2828.87
2019-03-06,2840.27
2019-03-07,2789.7
2019-03-08,2685.59
2019-03-11,2708.6
2019-03-12,2719.77
2019-03-13,2723.96
2019-03-14,2729.13
2019-03-15,2755.81
2019-03-18,2825.18
2019-03-19,2806.9
2019-03-20,2812.92
2019-03-21,2802.96
2019-03-22,2795.39
2019-03-25,2718.18
2019-03-26,2706.15
2019-03-27,2741.59
2019-03-28,2733.97
2019-03-29,2838.51
2019-04-01,2892.62
2019-04-02,2888.53
2019-04-03,2920.0
2019-04-04,2951.98
2019-04-08,2962.27
2019-04-09,2967.51
2019-04-10,2979.1
2019-04-11,2928.43
2019-04-12,2920.52
2019-04-15,2924.93
2019-04-16,3023.03
2019-04-17,3017.42
2019-04-18,3004.92
2019-04-19,3042.43
2019-04-22,2970.49
2019-04-23,2978.85
2019-04-24,2974.85
2019-04-25,2927.99
2019-04-26,2892.86
2019-04-29,2939.41
2019-04-30,2945.24
2019-05-06,2805.04
2019-05-07,2806.26
2019-05-08,2758.24
2019-05-09,2698.78
2019-05-10,2793.76
2019-05-13,2741.11
2019-05-14,2724.73
2019-05-15,2783.54
2019-05-16,2791.41
2019-05-17,2735.21
2019-05-20,2715.43
2019-05-21,2739.79
2019-05-22,2725.73
2019-05-23,2685.93
2019-05-24,2702.03
2019-05-27,2722.33
2019-05-28,2748.8
2019-05-29,2755.81
2019-05-30,2742.96
2019-05-31,2728.95
2019-06-03,2743.06
2019-06-04,2721.31
2019-06-05,2719.59
2019-06-06,2706.76
2019-06-10,2743.37
2019-06-11,2812.9
2019-06-12,2796.73
2019-06-13,2794.54
2019-06-14,2785.61
2019-06-17,2793.7
2019-06-18,2806.45
2019-06-19,2842.74
2019-06-20,2942.63
2019-06-21,2938.77
2019-06-24,2949.52
2019-06-25,2910.12
2019-06-26,2903.49
2019-06-27,2937.13
2019-06-28,2930.6
2019-07-01,3002.94
2019-07-02,2999.08
2019-07-03,2964.73
2019-07-04,2953.27
2019-07-05,2961.92
2019-07-08,2897.51
2019-07-09,2881.55
2019-07-10,2878.78
2019-07-11,2887.83
2019-07-12,2902.13
2019-07-15,2902.61
2019-07-16,2884.56
2019-07-17,2875.03
2019-07-18,2859.16
2019-07-19,2895.62
2019-07-22,2881.9
2019-07-23,2881.1
2019-07-24,2906.55
2019-07-25,2931.18
2019-07-26,2939.35
2019-07-29,2930.49
2019-07-30,2944.03
2019-07-31,2912.66
2019-08-01,2887.87
2019-08-02,2843.77
2019-08-05,2786.72
2019-08-06,2760.68
2019-08-07,2747.25
2019-08-08,2786.87
2019-08-09,2772.15
2019-08-12,2824.8
2019-08-13,2792.91
2019-08-14,2804.36
2019-08-15,2814.39
2019-08-16,2824.23
2019-08-19,2877.23
2019-08-20,2875.65
2019-08-21,2869.22
2019-08-22,2878.0
2019-08-23,2917.38
2019-08-26,2863.48
2019-08-27,2887.24
2019-08-28,2867.03
2019-08-29,2855.45
2019-08-30,2872.4
2019-09-02,2894.96
2019-09-03,2892.18
2019-09-04,2919.68
2019-09-05,2955.84
2019-09-06,2981.07
2019-09-09,2981.59
2019-09-10,2969.8
2019-09-11,2957.14
2019-09-12,2999.56
2019-09-16,2982.45
2019-09-17,2937.01
2019-09-18,2954.36
2019-09-19,2956.83
2019-09-20,2963.43
2019-09-23,2930.91
2019-09-24,2940.08
2019-09-25,2928.84
2019-09-26,2927.88
2019-09-27,2929.47
2019-09-30,2897.7
2019-10-08,2922.35
2019-10-09,2922.98
2019-10-10,2940.8
2019-10-11,2983.12
2019-10-14,3013.53
2019-10-15,3015.42
2019-10-16,3004.72
2019-10-17,3011.75
2019-10-18,2963.18
2019-10-21,2968.91
2019-10-22,2973.22
2019-10-23,2954.31
2019-10-24,2959.03
2019-10-25,2967.05
2019-10-28,2981.36
2019-10-29,2968.28
2019-10-30,2952.12
2019-10-31,2954.73
2019-11-01,3002.65
2019-11-04,3022.27
2019-11-05,3039.98
2019-11-06,3032.79
2019-11-07,3033.3
2019-11-08,3012.46
2019-11-11,2965.71
2019-11-12,2971.36
2019-11-13,2967.67
2019-11-14,2968.57
2019-11-15,2954.7
2019-11-18,2980.95
2019-11-19,3000.75
2019-11-20,2968.12
2019-11-21,2949.34
2019-11-22,2922.27
2019-11-25,2951.25
2019-11-26,2946.57
2019-11-27,2944.32
2019-11-28,2930.48
2019-11-29,2894.72
2019-12-02,2899.44
2019-12-03,2909.62
2019-12-04,2901.07
2019-12-05,2921.95
2019-12-06,2939.82
2019-12-09,2933.04
2019-12-10,2936.99
2019-12-11,2949.65
2019-12-12,2938.04
2019-12-13,3006.31
2019-12-16,2999.2
2019-12-17,3033.14
2019-12-18,3025.78
2019-12-19,3017.71
2019-12-20,3012.63
2019-12-23,2984.24
2019-12-24,2996.77
2019-12-25,2986.0
2019-12-26,3011.64
2019-12-27,3017.78
2019-12-30,3062.75
2019-12-31,3063.22
2020-01-02,3090.83
2020-01-03,3078.28
2020-01-06,3056.84
2020-01-07,3074.02
2020-01-08,3037.85
2020-01-09,3067.55
2020-01-10,3067.88
2020-01-13,3090.13
2020-01-14,3080.6
2020-01-15,3058.01
2020-01-16,3043.09
2020-01-17,3053.17
2020-01-20,3065.99
2020-01-21,3012.11
2020-01-22,3017.88
2020-01-23,2932.49
2020-02-03,2727.09
2020-02-04,2794.66
2020-02-05,2812.9
2020-02-06,2854.89
2020-02-07,2851.71
2020-02-10,2850.06
2020-02-11,2879.86
2020-02-12,2895.59
2020-02-13,2875.48
2020-02-14,2895.06
2020-02-17,2950.07
2020-02-18,2924.4
2020-02-19,2923.76
2020-02-20,2978.18
2020-02-21,2968.14
2020-02-24,2930.03
2020-02-25,2909.32
2020-02-26,2901.67
2020-02-27,2912.04
2020-02-28,2821.04
2020-03-02,2907.89
2020-03-03,2921.44
2020-03-04,2947.57
2020-03-05,3018.07
2020-03-06,2964.83
2020-03-09,2868.83
2020-03-10,2924.22
2020-03-11,2888.36
2020-03-12,2841.98
2020-03-13,2798.77
2020-03-16,2694.02
2020-03-17,2685.59
2020-03-18,2625.75
2020-03-19,2569.79
2020-03-20,2628.42
2020-03-23,2559.62
2020-03-24,2639.38
2020-03-25,2700.19
2020-03-26,2689.28
2020-03-27,2701.44
2020-03-30,2690.04
2020-03-31,2689.38
2020-04-01,2682.08
2020-04-02,2719.89
2020-04-03,2708.82
2020-04-07,2757.41
2020-04-08,2743.89
2020-04-09,2752.59
2020-04-10,2749.85
2020-04-13,2739.17
2020-04-14,2785.72
2020-04-15,2764.49
2020-04-16,2768.26
2020-04-17,2809.08
2020-04-20,2819.79
2020-04-21,2784.53
2020-04-22,2804.24
2020-04-23,2797.66
2020-04-24,2776.02
2020-04-27,2805.22
2020-04-28,2825.14
2020-04-29,2844.81
2020-04-30,2861.91
2020-05-06,2863.85
2020-05-07,2854.42
2020-05-08,2873.01
2020-05-11,2871.85
2020-05-12,2869.6
2020-05-13,2867.71
2020-05-14,2834.53
2020-05-15,2819.69
2020-05-18,2837.17
2020-05-19,2860.67
2020-05-20,2856.14
2020-05-21,2846.82
2020-05-22,2775.81
2020-05-25,2789.71
2020-05-26,2808.84
2020-05-27,2795.48
2020-05-28,2809.66
2020-05-29,2806.66
2020-06-01,2870.36
2020-06-02,2885.92
2020-06-03,2889.11
2020-06-04,2883.36
2020-06-05,2896.35
2020-06-08,2909.59
2020-06-09,2928.3
2020-06-10,2908.48
2020-06-11,2876.51
2020-06-12,2884.12
2020-06-15,2838.61
2020-06-16,2878.99
2020-06-17,2881.13
2020-06-18,2888.96
2020-06-19,2925.94
2020-06-22,2921.89
2020-06-23,2925.42
2020-06-24,2943.47
2020-06-29,2925.48
2020-06-30,2942.07
2020-07-01,3009.86
2020-07-02,3084.24
2020-07-03,3159.16
2020-07-06,3374.14
2020-07-07,3381.76
2020-07-08,3429.94
2020-07-09,3442.02
2020-07-10,3351.78
2020-07-13,3390.12
2020-07-14,3348.03
2020-07-15,3313.76
2020-07-16,3162.03
2020-07-17,3185.89
2020-07-20,3287.92
2020-07-21,3286.81
2020-07-22,3291.36
2020-07-23,3284.11
2020-07-24,3158.29
2020-07-27,3163.23
2020-07-28,3185.89
2020-07-29,3243.38
2020-07-30,3231.52
2020-07-31,3249.34
2020-08-03,3281.1
2020-08-04,3312.13
2020-08-05,3292.31
2020-08-06,3292.2
2020-08-07,3263.75
2020-08-10,3285.76
2020-08-11,3262.82
2020-08-12,3249.74
2020-08-13,3241.84
2020-08-14,3288.51
2020-08-17,3368.85
2020-08-18,3367.33
2020-08-19,3307.66
2020-08-20,3264.53
2020-08-21,3284.73
2020-08-24,3298.72
2020-08-25,3310.84
2020-08-26,3277.89
2020-08-27,3290.79
2020-08-28,3368.44
2020-08-31,3343.89
2020-09-01,3355.1
2020-09-02,3347.3
2020-09-03,3334.41
2020-09-04,3309.21
2020-09-07,3253.43
2020-09-08,3289.91
2020-09-09,3235.7
2020-09-10,3245.5
2020-09-11,3265.5
2020-09-14,3294.15
2020-09-15,3317.64
2020-09-16,3295.58
2020-09-17,3264.69
2020-09-18,3347.78
2020-09-21,3311.59
2020-09-22,3270.52
2020-09-23,3275.74
2020-09-24,3218.72
2020-09-25,3229.78
2020-09-28,3250.5
2020-09-29,3241.32
2020-09-30,3232.42
2020-10-09,3286.86
2020-10-12,3387.88
2020-10-13,3386.89
2020-10-14,3369.5
2020-10-15,3371.4
2020-10-16,3380.17
2020-10-19,3354.31
2020-10-20,3363.5
2020-10-21,3377.42
2020-10-22,3369.53
2020-10-23,3346.61
2020-10-26,3304.7
2020-10-27,3294.09
2020-10-28,3313.23
2020-10-29,3324.44
2020-10-30,3280.38
2020-11-02,3265.9
2020-11-03,3307.48
2020-11-04,3332.19
2020-11-05,3369.5
2020-11-06,3359.12
2020-11-09,3418.28
2020-11-10,3416.14
2020-11-11,3411.23
2020-11-12,3397.35
2020-11-13,3338.31
2020-11-16,3377.11
2020-11-17,3379.27
2020-11-18,3387.04
2020-11-19,3410.09
2020-11-20,3411.93
2020-11-23,3469.8
2020-11-24,3442.72
2020-11-25,3420.29
2020-11-26,3445.74
2020-11-27,3498.66
2020-11-30,3469.42
2020-12-01,3554.01
2020-12-02,3545.34
2020-12-03,3536.81
2020-12-04,3541.52
2020-12-07,3509.94
2020-12-08,3499.06
2020-12-09,3468.53
2020-12-10,3459.03
2020-12-11,3427.86
2020-12-14,3467.77
2020-12-15,3468.83
2020-12-16,3485.4
2020-12-17,3539.54
2020-12-18,3507.97
2020-12-21,3522.26
2020-12-22,3470.9
2020-12-23,3494.59
2020-12-24,3489.27
2020-12-25,3512.49
2020-12-28,3523.84
2020-12-29,3517.35
2020-12-30,3574.13
2020-12-31,3640.64
2021-01-04,3643.36
2021-01-05,3683.36
2021-01-06,3736.65
2021-01-07,3808.07
2021-01-08,3788.32
2021-01-11,3776.53
2021-01-12,3906.12
2021-01-13,3873.23
2021-01-14,3811.22
2021-01-15,3817.93
2021-01-18,3849.4
2021-01-19,3808.69
2021-01-20,3814.65
2021-01-21,3850.06
2021-01-22,3846.39
2021-01-25,3898.15
2021-01-26,3813.29
2021-01-27,3818.27
2021-01-28,3735.03
2021-01-29,3713.25
2021-02-01,3746.37
2021-02-02,3771.47
2021-02-03,3775.72
2021-02-04,3801.62
2021-02-05,3840.77
2021-02-08,3890.47
2021-02-09,3952.83
2021-02-10,4028.53
2021-02-18,4014.32
2021-02-19,4014.46
2021-02-22,3881.87
2021-02-23,3897.72
2021-02-24,3805.47
2021-02-25,3851.03
2021-02-26,3756.86
2021-03-01,3787.87
2021-03-02,3718.77
2021-03-03,3817.41
2021-03-04,3708.66
2021-03-05,3688.68
2021-03-08,3573.43
2021-03-09,3509.61
2021-03-10,3532.05
2021-03-11,3625.31
2021-03-12,3632.58
2021-03-15,3566.88
2021-03-16,3599.16
2021-03-17,3590.83
2021-03-18,3605.6
2021-03-19,3512.02
2021-03-22,3538.43
2021-03-23,3516.36
2021-03-24,3466.04
2021-03-25,3463.87
2021-03-26,3529.73
2021-03-29,3537.71
2021-03-30,3577.24
2021-03-31,3539.37
2021-04-01,3582.65
2021-04-02,3616.76
2021-04-06,3594.71
2021-04-07,3558.47
2021-04-08,3573.04
2021-04-09,3514.11
2021-04-12,3477.07
2021-04-13,3461.46
2021-04-14,3469.17
2021-04-15,3431.49
2021-04-16,3448.1
2021-04-19,3513.4
2021-04-20,3510.12
2021-04-21,3516.1
2021-04-22,3487.43
2021-04-23,3524.02
2021-04-26,3467.66
2021-04-27,3476.3
2021-04-28,3473.04
2021-04-29,3517.21
2021-04-30,3491.19
2021-05-06,3449.94
2021-05-07,3406.31
2021-05-10,3399.98
2021-05-11,3437.71
2021-05-12,3447.86
2021-05-13,3413.89
2021-05-14,3503.04
2021-05-17,3539.91
2021-05-18,3537.7
2021-05-19,3511.47
2021-05-20,3522.45
2021-05-21,3481.86
2021-05-24,3497.75
2021-05-25,3641.29
2021-05-26,3657.19
2021-05-27,3664.94
2021-05-28,3659.3
2021-05-31,3650.22
2021-06-01,3650.9
2021-06-02,3622.4
2021-06-03,3591.16
2021-06-04,3612.7
2021-06-07,3601.11
2021-06-08,3580.28
2021-06-09,3587.53
2021-06-10,3607.68
2021-06-11,3576.78
2021-06-15,3528.67
2021-06-16,3486.29
2021-06-17,3481.6
2021-06-18,3454.59
2021-06-21,3431.25
2021-06-22,3464.71
2021-06-23,3471.34
2021-06-24,3483.91
2021-06-25,3535.02
2021-06-28,3520.74
2021-06-29,3482.73
2021-06-30,3498.65
2021-07-01,3535.25
2021-07-02,3408.24
2021-07-05,3404.79
2021-07-06,3405.28
2021-07-07,3424.39
2021-07-08,3373.26
2021-07-09,3361.59
2021-07-12,3384.51
2021-07-13,3391.74
2021-07-14,3339.38
2021-07-15,3411.29
2021-07-16,3369.9
2021-07-19,3385.37
2021-07-20,3378.63
2021-07-21,3388.52
2021-07-22,3392.72
2021-07-23,3357.45
2021-07-26,3228.37
2021-07-27,3126.38
2021-07-28,3154.64
2021-07-29,3182.8
2021-07-30,3132.82
2021-08-02,3211.14
2021-08-03,3223.83
2021-08-04,3233.1
2021-08-05,3227.36
2021-08-06,3195.7
2021-08-09,3235.21
2021-08-10,3288.65
2021-08-11,3262.58
2021-08-12,3226.11
2021-08-13,3217.84
2021-08-16,3222.62
2021-08-17,3149.88
2021-08-18,3190.55
2021-08-19,3144.37
2021-08-20,3072.75
2021-08-23,3099.89
2021-08-24,3147.77
2021-08-25,3159.8
2021-08-26,3088.83
2021-08-27,3123.05
2021-08-30,3112.7
2021-08-31,3097.06
2021-09-01,3165.04
2021-09-02,3167.1
2021-09-03,3175.88
2021-09-06,3211.2
2021-09-07,3248.05
2021-09-08,3213.26
2021-09-09,3204.28
2021-09-10,3252.32
2021-09-13,3242.04
2021-09-14,3188.26
2021-09-15,3146.63
2021-09-16,3128.59
2021-09-17,3161.92
2021-09-22,3122.34
2021-09-23,3127.82
2021-09-24,3145.11
2021-09-27,3199.97
2021-09-28,3211.15
2021-09-29,3199.23
2021-09-30,3196.99
2021-10-08,3256.26
2021-10-11,3276.41
2021-10-12,3259.38
2021-10-13,3292.76
2021-10-14,3270.69
2021-10-15,3294.83
2021-10-18,3229.63
2021-10-19,3256.67
2021-10-20,3255.0
2021-10-21,3278.54
2021-10-22,3318.13
2021-10-25,3312.3
2021-10-26,3290.04
2021-10-27,3247.1
2021-10-28,3239.61
2021-10-29,3267.25
2021-11-01,3250.92
2021-11-02,3212.03
2021-11-03,3181.45
2021-11-04,3207.26
2021-11-05,3201.55
2021-11-08,3196.27
2021-11-09,3186.96
2021-11-10,3170.4
2021-11-11,3233.37
2021-11-12,3220.55
2021-11-15,3221.69
2021-11-16,3222.17
2021-11-17,3208.78
2021-11-18,3173.38
2021-11-19,3212.91
2021-11-22,3212.15
2021-11-23,3224.15
2021-11-24,3231.84
2021-11-25,3218.05
2021-11-26,3187.36
2021-11-29,3187.05
2021-11-30,3165.35
2021-12-01,3180.42
2021-12-02,3190.87
2021-12-03,3221.42
2021-12-06,3228.14
2021-12-07,3254.5
2021-12-08,3304.71
2021-12-09,3360.18
2021-12-10,3353.63
2021-12-13,3366.07
2021-12-14,3350.5
2021-12-15,3318.98
2021-12-16,3330.86
2021-12-17,3278.9
2021-12-20,3255.35
2021-12-21,3273.03
2021-12-22,3260.57
2021-12-23,3287.19
2021-12-24,3290.24
2021-12-27,3278.44
2021-12-28,3303.4
2021-12-29,3240.85
2021-12-30,3261.79
2021-12-31,3274.32
2022-01-04,3264.07
2022-01-05,3254.28
2022-01-06,3210.39
2022-01-07,3223.27
2022-01-10,3236.12
2022-01-11,3214.53
2022-01-12,3236.31
2022-01-13,3184.11
2022-01-14,3139.05
2022-01-17,3147.7
2022-01-18,3187.52
2022-01-19,3187.19
2022-01-20,3233.7
2022-01-21,3218.74
2022-01-24,3209.74
2022-01-25,3144.95
2022-01-26,3163.67
2022-01-27,3119.24
2022-01-28,3054.02
2022-02-07,3114.26
2022-02-08,3116.5
2022-02-09,3139.56
2022-02-10,3145.11
2022-02-11,3142.91
2022-02-14,3104.0
2022-02-15,3119.93
2022-02-16,3136.08
2022-02-17,3139.18
2022-02-18,3162.82
2022-02-21,3144.86
2022-02-22,3102.32
2022-02-23,3118.04
2022-02-24,3059.64
2022-02-25,3075.59
2022-02-28,3080.78
2022-03-01,3125.69
2022-03-02,3107.24
2022-03-03,3097.09
2022-03-04,3062.38
2022-03-07,2974.68
2022-03-08,2933.16
2022-03-09,2907.18
2022-03-10,2933.46
2022-03-11,2935.68
2022-03-14,2851.88
2022-03-15,2702.85
2022-03-16,2827.75
2022-03-17,2877.22
2022-03-18,2913.19
2022-03-21,2892.11
2022-03-22,2900.77
2022-03-23,2916.51
2022-03-24,2903.62
2022-03-25,2856.43
2022-03-28,2853.18
2022-03-29,2842.15
2022-03-30,2915.49
2022-03-31,2898.83
2022-04-01,2943.24
2022-04-06,2931.2
2022-04-07,2902.48
2022-04-08,2925.49
2022-04-11,2846.38
2022-04-12,2894.26
2022-04-13,2882.28
2022-04-14,2928.6
2022-04-15,2930.58
2022-04-18,2887.72
2022-04-19,2861.57
2022-04-20,2835.35
2022-04-21,2797.53
2022-04-22,2814.13
2022-04-25,2683.41
2022-04-26,2681.03
2022-04-27,2734.54
2022-04-28,2769.71
2022-04-29,2805.34
2022-05-05,2800.93
2022-05-06,2719.76
2022-05-09,2695.13
2022-05-10,2718.37
2022-05-11,2741.23
2022-05-12,2721.77
2022-05-13,2748.24
2022-05-16,2720.41
2022-05-17,2756.74
2022-05-18,2745.53
2022-05-19,2744.55
2022-05-20,2807.94
2022-05-23,2782.55
2022-05-24,2734.19
2022-05-25,2743.42
2022-05-26,2744.9
2022-05-27,2763.07
2022-05-30,2778.45
2022-05-31,2813.22
2022-06-01,2798.07
2022-06-02,2790.32
