,code,day,direction,rank,abnormal_code,abnormal_name,sales_depart_name,buy_value,sell_value,total_value,net_value,amount
98350,600784.SH,2013/1/4,SELL,5,106001,涨幅偏离值达7%的证券,安信证券股份有限公司济南泉城路证券营业部,,80370,,,3105964
98425,300316.SZ,2013/1/4,SELL,4,106001,涨幅偏离值达7%的证券,安信证券股份有限公司揭阳惠来证券营业部,0,2890920,2890920,-2890920,208416523
98685,000799.SZ,2013/1/4,SELL,5,106004,换手率达20%的证券,安信证券股份有限公司上海世纪大道证券营业部,1065188,46673984,47739172,-45608796,1794010551
98540,002694.SZ,2013/1/4,BUY,2,106004,换手率达20%的证券,安信证券股份有限公司上海世纪大道中建大厦证券营业部,4286723,0,4286723,4286723,184695721
98538,002694.SZ,2013/1/4,BUY,5,106004,换手率达20%的证券,渤海证券股份有限公司上海彰武路证券营业部,1898662,1959,1900621,1896703,184695721
98368,600722.SH,2013/1/4,SELL,3,106099,其它异常波动的证券,财达证券有限责任公司沧州广场街证券营业部,,3125053,,,62574696
98432,300316.SZ,2013/1/4,BUY,1,106001,涨幅偏离值达7%的证券,财达证券有限责任公司秦皇岛海宁路证券营业部,3733809,0,3733809,3733809,208416523
98552,002671.SZ,2013/1/4,BUY,4,106001,涨幅偏离值达7%的证券,财达证券有限责任公司秦皇岛迎宾路证券营业部,3094576,0,3094576,3094576,190670983
98527,002700.SZ,2013/1/4,BUY,5,106004,换手率达20%的证券,财富证券有限责任公司长沙曙光中路证券营业部,2173459,93512,2266971,2079947,215270955
98411,300353.SZ,2013/1/4,SELL,4,106004,换手率达20%的证券,财通证券有限责任公司湖州红旗路证券营业部,45508,2794585,2840093,-2749077,131245309
98417,300348.SZ,2013/1/4,BUY,5,106004,换手率达20%的证券,财通证券有限责任公司丽水北苑路证券营业部,1988110,0,1988110,1988110,152656246
98391,600532.SH,2013/1/4,SELL,3,106001,涨幅偏离值达7%的证券,财通证券有限责任公司宁波天童北路证券营业部,,5491595,,,92539704
98476,300262.SZ,2013/1/4,BUY,1,106004,换手率达20%的证券,财通证券有限责任公司绍兴人民中路证券营业部,27140992,4547120,31688112,22593872,287597870
98640,002145.SZ,2013/1/4,SELL,4,106001,涨幅偏离值达7%的证券,财通证券有限责任公司绍兴人民中路证券营业部,40804,8969365,9010169,-8928561,418279769
98649,002145.SZ,2013/1/4,SELL,4,106004,换手率达20%的证券,财通证券有限责任公司绍兴人民中路证券营业部,40804,8969365,9010169,-8928561,418279769
98553,002671.SZ,2013/1/4,SELL,4,106001,涨幅偏离值达7%的证券,财通证券有限责任公司台州解放南路证券营业部,6720,3032972,3039692,-3026252,190670983
98397,600532.SH,2013/1/4,SELL,2,106001,涨幅偏离值达7%的证券,财通证券有限责任公司温岭东辉北路证券营业部,,12121736,,,92539704
98563,002606.SZ,2013/1/4,SELL,1,106004,换手率达20%的证券,财通证券有限责任公司温岭东辉北路证券营业部,69034,13544417,13613451,-13475383,293346453
98459,300291.SZ,2013/1/4,BUY,4,106001,涨幅偏离值达7%的证券,大通证券股份有限公司北京建国路证券营业部,3084307,0,3084307,3084307,141198339
98574,002492.SZ,2013/1/4,SELL,2,106001,涨幅偏离值达7%的证券,大同证券经纪有限责任公司大同站北街证券营业部,0,11112500,11112500,-11112500,145970121
98704,000677.SZ,2013/1/4,SELL,3,106010,连续三个交易日内涨幅偏离值累计达到12%的ST证券、*ST证券和未完成股改证券,第一创业证券股份有限公司北京平安大街证券营业部,0,138975,138975,-138975,29825508
98556,002606.SZ,2013/1/4,BUY,3,106004,换手率达20%的证券,第一创业证券股份有限公司北京平安大街证券营业部,2863406,331012,3194418,2532394,293346453
98353,600784.SH,2013/1/4,SELL,2,106001,涨幅偏离值达7%的证券,东北证券股份有限公司长春前进大街证券营业部,,265620,,,3105964
98505,300103.SZ,2013/1/4,SELL,3,106004,换手率达20%的证券,东方证券股份有限公司抚顺裕民路证券营业部,24744,3614127,3638871,-3589383,255676532
98344,600882.SH,2013/1/4,BUY,4,106006,连续三个交易日内收盘价格涨幅偏离值累计达到20%的证券,东方证券股份有限公司上海四平路证券营业部,8762318.19,,,,401157920
98660,000898.SZ,2013/1/4,SELL,3,106001,涨幅偏离值达7%的证券,东海证券有限责任公司南京长江路证券营业部,0,7129661,7129661,-7129661,389722923
98628,002151.SZ,2013/1/4,BUY,2,106006,连续三个交易日内收盘价格涨幅偏离值累计达到20%的证券,东海证券有限责任公司南京长江路证券营业部,20566013,14038707,34604720,6527306,1076972325
98622,002151.SZ,2013/1/4,SELL,3,106006,连续三个交易日内收盘价格涨幅偏离值累计达到20%的证券,东海证券有限责任公司南京长江路证券营业部,20566013,14038707,34604720,6527306,1076972325
98576,002492.SZ,2013/1/4,SELL,1,106001,涨幅偏离值达7%的证券,东海证券有限责任公司深圳香梅路证券营业部,0,31508085,31508085,-31508085,145970121
98481,300251.SZ,2013/1/4,BUY,4,106004,换手率达20%的证券,东吴证券股份有限公司昆山前进中路证券营业部,7695625,405857,8101482,7289768,732502149
98428,300316.SZ,2013/1/4,BUY,5,106001,涨幅偏离值达7%的证券,东吴证券股份有限公司昆山前进中路证券营业部,2254880,525323,2780203,1729557,208416523
98408,300353.SZ,2013/1/4,BUY,5,106004,换手率达20%的证券,东吴证券股份有限公司昆山前进中路证券营业部,1648485,74578,1723063,1573907,131245309
98516,002703.SZ,2013/1/4,BUY,3,106004,换手率达20%的证券,东吴证券股份有限公司苏州工业园区现代大道证券营业部,1495953,566545,2062498,929408,81835212
98403,300353.SZ,2013/1/4,SELL,2,106004,换手率达20%的证券,东吴证券股份有限公司长沙人民中路证券营业部,0,3272931,3272931,-3272931,131245309
98501,300103.SZ,2013/1/4,SELL,1,106004,换手率达20%的证券,东兴证券股份有限公司泉州田安路证券营业部,93673,6226767,6320440,-6133094,255676532
98697,000750.SZ,2013/1/4,BUY,1,106004,换手率达20%的证券,方正证券股份有限公司杭州延安路证券营业部,18380466,127213,18507679,18253253,1267414357
98450,300295.SZ,2013/1/4,BUY,5,106001,涨幅偏离值达7%的证券,方正证券股份有限公司冷水江锑都中路证券营业部,5934918,0,5934918,5934918,168894660
98690,000750.SZ,2013/1/4,BUY,4,106004,换手率达20%的证券,方正证券股份有限公司台州解放路证券营业部,13392096,694809,14086905,12697287,1267414357
98554,002671.SZ,2013/1/4,BUY,3,106001,涨幅偏离值达7%的证券,方正证券股份有限公司长沙建湘路证券营业部,5776582,0,5776582,5776582,190670983
98507,300103.SZ,2013/1/4,SELL,5,106004,换手率达20%的证券,光大证券股份有限公司奉化南山路证券营业部,0,2864770,2864770,-2864770,255676532
98378,600537.SH,2013/1/4,BUY,1,106001,涨幅偏离值达7%的证券,光大证券股份有限公司佛山绿景路证券营业部,15921741.75,,,,205246528
98549,002671.SZ,2013/1/4,BUY,2,106001,涨幅偏离值达7%的证券,光大证券股份有限公司杭州庆春路证券营业部,5936466,0,5936466,5936466,190670983
98482,300251.SZ,2013/1/4,SELL,5,106004,换手率达20%的证券,光大证券股份有限公司宁波彩虹南路证券营业部,5427913,16779594,22207507,-11351681,732502149
98356,600784.SH,2013/1/4,BUY,1,106001,涨幅偏离值达7%的证券,光大证券股份有限公司宁波解放南路证券营业部,2732010,,,,3105964
98406,300353.SZ,2013/1/4,BUY,3,106004,换手率达20%的证券,光大证券股份有限公司宁波中山西路证券营业部,1809685,28912,1838597,1780773,131245309
98661,000898.SZ,2013/1/4,BUY,2,106001,涨幅偏离值达7%的证券,光大证券股份有限公司上海世纪大道证券营业部,25831823,29620,25861443,25802203,389722923
98651,002145.SZ,2013/1/4,SELL,5,106004,换手率达20%的证券,光大证券股份有限公司上海世纪大道证券营业部,84465,6886813,6971278,-6802348,418279769
98642,002145.SZ,2013/1/4,SELL,5,106001,涨幅偏离值达7%的证券,光大证券股份有限公司上海世纪大道证券营业部,84465,6886813,6971278,-6802348,418279769
98474,300262.SZ,2013/1/4,BUY,2,106004,换手率达20%的证券,光大证券股份有限公司深圳金田路证券营业部,5832846,17202495,23035341,-11369649,287597870
98477,300262.SZ,2013/1/4,SELL,1,106004,换手率达20%的证券,光大证券股份有限公司深圳金田路证券营业部,5832846,17202495,23035341,-11369649,287597870
98748,000043.SZ,2013/1/4,BUY,2,106006,连续三个交易日内收盘价格涨幅偏离值累计达到20%的证券,光大证券股份有限公司深圳金田路证券营业部,27633248,3067442,30700690,24565806,1371305835
98431,300316.SZ,2013/1/4,SELL,2,106001,涨幅偏离值达7%的证券,光大证券股份有限公司深圳新园路证券营业部,0,4091090,4091090,-4091090,208416523
98583,002484.SZ,2013/1/4,SELL,3,106001,涨幅偏离值达7%的证券,光大证券股份有限公司深圳新园路证券营业部,16330,1866501,1882831,-1850171,100196276
98400,600532.SH,2013/1/4,BUY,1,106001,涨幅偏离值达7%的证券,光大证券股份有限公司余姚阳明西路证券营业部,20831491,,,,92539704
98737,000156.SZ,2013/1/4,BUY,1,106001,涨幅偏离值达7%的证券,光大证券股份有限公司余姚阳明西路证券营业部,8668521,25806,8694327,8642715,216336298
98722,000156.SZ,2013/1/4,BUY,1,106004,换手率达20%的证券,光大证券股份有限公司余姚阳明西路证券营业部,8668521,25806,8694327,8642715,216336298
98518,002703.SZ,2013/1/4,SELL,1,106004,换手率达20%的证券,光大证券股份有限公司长沙芙蓉中路证券营业部,0,1040022,1040022,-1040022,81835212
98593,002460.SZ,2013/1/4,BUY,3,106001,涨幅偏离值达7%的证券,广发证券股份有限公司杭州市天目山路证券营业部,4311720,0,4311720,4311720,83172986
98407,300353.SZ,2013/1/4,SELL,1,106004,换手率达20%的证券,广发证券股份有限公司荆州北京路证券营业部,353152,4306434,4659586,-3953282,131245309
98539,002694.SZ,2013/1/4,SELL,3,106004,换手率达20%的证券,广发证券股份有限公司汕头梅溪东路证券营业部,65557,4348267,4413824,-4282710,184695721
98416,300348.SZ,2013/1/4,SELL,5,106004,换手率达20%的证券,广发证券股份有限公司上海中山北二路证券营业部,793553,2283411,3076964,-1489858,152656246
98345,600882.SH,2013/1/4,SELL,3,106006,连续三个交易日内收盘价格涨幅偏离值累计达到20%的证券,广发证券股份有限公司深圳民田路证券营业部,,15935221.15,,,401157920
98348,600882.SH,2013/1/4,BUY,2,106006,连续三个交易日内收盘价格涨幅偏离值累计达到20%的证券,广发证券股份有限公司深圳民田路证券营业部,14658604.03,,,,401157920
98654,002145.SZ,2013/1/4,BUY,1,106004,换手率达20%的证券,广发证券股份有限公司深圳民田路证券营业部,12357791,5107537,17465328,7250254,418279769
98635,002145.SZ,2013/1/4,BUY,1,106001,涨幅偏离值达7%的证券,广发证券股份有限公司深圳民田路证券营业部,12357791,5107537,17465328,7250254,418279769
98652,002145.SZ,2013/1/4,BUY,5,106004,换手率达20%的证券,广发证券股份有限公司深圳南园路证券营业部,5105573,0,5105573,5105573,418279769
98633,002145.SZ,2013/1/4,BUY,5,106001,涨幅偏离值达7%的证券,广发证券股份有限公司深圳南园路证券营业部,5105573,0,5105573,5105573,418279769
98514,002703.SZ,2013/1/4,SELL,4,106004,换手率达20%的证券,广发证券股份有限公司苏州干将东路证券营业部,0,803668,803668,-803668,81835212
98601,002239.SZ,2013/1/4,SELL,2,106006,连续三个交易日内收盘价格涨幅偏离值累计达到20%的证券,广发证券股份有限公司烟台大海阳路证券营业部,0,2422000,2422000,-2422000,23738968
98465,300291.SZ,2013/1/4,BUY,1,106001,涨幅偏离值达7%的证券,国都证券有限责任公司北京北三环中路证券营业部,7884632,0,7884632,7884632,141198339
98520,002703.SZ,2013/1/4,SELL,5,106004,换手率达20%的证券,国都证券有限责任公司深圳金田路证券营业部,8562,733925,742487,-725363,81835212
98536,002694.SZ,2013/1/4,BUY,4,106004,换手率达20%的证券,国海证券股份有限公司桂林荔浦县荔柳路证券营业部,2067357,0,2067357,2067357,184695721
98427,300316.SZ,2013/1/4,SELL,5,106001,涨幅偏离值达7%的证券,国海证券股份有限公司南宁教育路证券营业部,359285,2757863,3117148,-2398578,208416523
98413,300348.SZ,2013/1/4,BUY,3,106004,换手率达20%的证券,国海证券股份有限公司南宁教育路证券营业部,2376747,3071,2379818,2373676,152656246
98677,000799.SZ,2013/1/4,SELL,3,106004,换手率达20%的证券,国金证券股份有限公司上海中山南路证券营业部,330200,85906085,86236285,-85575885,1794010551
98441,300298.SZ,2013/1/4,BUY,2,106001,涨幅偏离值达7%的证券,国联证券股份有限公司宜兴人民南路证券营业部,5387840,6098,5393938,5381742,224733618
98448,300295.SZ,2013/1/4,BUY,4,106001,涨幅偏离值达7%的证券,国泰君安交易单元(227002),8893500,0,8893500,8893500,168894660
98749,000043.SZ,2013/1/4,SELL,1,106006,连续三个交易日内收盘价格涨幅偏离值累计达到20%的证券,国泰君安交易单元(227002),27716097,29495913,57212010,-1779816,1371305835
98750,000043.SZ,2013/1/4,BUY,1,106006,连续三个交易日内收盘价格涨幅偏离值累计达到20%的证券,国泰君安交易单元(227002),27716097,29495913,57212010,-1779816,1371305835
98681,000799.SZ,2013/1/4,SELL,1,106004,换手率达20%的证券,国泰君安交易单元(390426),0,167007684,167007684,-167007684,1794010551
98463,300291.SZ,2013/1/4,BUY,2,106001,涨幅偏离值达7%的证券,国泰君安证券股份有限公司北京金融街证券营业部,5773293,0,5773293,5773293,141198339
98510,300103.SZ,2013/1/4,BUY,3,106004,换手率达20%的证券,国泰君安证券股份有限公司成都北一环路证券营业部,4661723,515696,5177419,4146027,255676532
98362,600722.SH,2013/1/4,BUY,3,106099,其它异常波动的证券,国泰君安证券股份有限公司成都北一环路证券营业部,8888419.92,,,,62574696
98627,002151.SZ,2013/1/4,BUY,3,106006,连续三个交易日内收盘价格涨幅偏离值累计达到20%的证券,国泰君安证券股份有限公司成都北一环路证券营业部,17760956,13260163,31021119,4500793,1076972325
98624,002151.SZ,2013/1/4,SELL,4,106006,连续三个交易日内收盘价格涨幅偏离值累计达到20%的证券,国泰君安证券股份有限公司成都北一环路证券营业部,17760956,13260163,31021119,4500793,1076972325
98470,300262.SZ,2013/1/4,BUY,4,106004,换手率达20%的证券,国泰君安证券股份有限公司宁波彩虹北路证券营业部,5087658,215841,5303499,4871817,287597870
98691,000750.SZ,2013/1/4,BUY,5,106004,换手率达20%的证券,国泰君安证券股份有限公司宁波彩虹北路证券营业部,12981448,29916219,42897667,-16934771,1267414357
98696,000750.SZ,2013/1/4,SELL,1,106004,换手率达20%的证券,国泰君安证券股份有限公司宁波彩虹北路证券营业部,12981448,29916219,42897667,-16934771,1267414357
98586,002484.SZ,2013/1/4,BUY,1,106001,涨幅偏离值达7%的证券,国泰君安证券股份有限公司厦门嘉禾路证券营业部,5806926,0,5806926,5806926,100196276
98630,002151.SZ,2013/1/4,SELL,1,106006,连续三个交易日内收盘价格涨幅偏离值累计达到20%的证券,国泰君安证券股份有限公司上海打浦路证券营业部,36408596,39277735,75686331,-2869139,1076972325
98631,002151.SZ,2013/1/4,BUY,1,106006,连续三个交易日内收盘价格涨幅偏离值累计达到20%的证券,国泰君安证券股份有限公司上海打浦路证券营业部,36408596,39277735,75686331,-2869139,1076972325
98602,002239.SZ,2013/1/4,BUY,1,106006,连续三个交易日内收盘价格涨幅偏离值累计达到20%的证券,国泰君安证券股份有限公司上海打浦路证券营业部,11803617,0,11803617,11803617,23738968
98657,000898.SZ,2013/1/4,BUY,4,106001,涨幅偏离值达7%的证券,国泰君安证券股份有限公司上海福山路证券营业部,13694238,4557,13698795,13689681,389722923
98609,002239.SZ,2013/1/4,BUY,5,106006,连续三个交易日内收盘价格涨幅偏离值累计达到20%的证券,国泰君安证券股份有限公司深圳笋岗路证券营业部,1349749,0,1349749,1349749,23738968
98699,000677.SZ,2013/1/4,BUY,5,106010,连续三个交易日内涨幅偏离值累计达到12%的ST证券、*ST证券和未完成股改证券,国泰君安证券股份有限公司深圳益田路证券营业部,630974,0,630974,630974,29825508
98605,002239.SZ,2013/1/4,BUY,3,106006,连续三个交易日内收盘价格涨幅偏离值累计达到20%的证券,国泰君安证券股份有限公司沈阳十一纬路证券营业部,3807360,0,3807360,3807360,23738968
98487,300251.SZ,2013/1/4,BUY,1,106004,换手率达20%的证券,国泰君安证券股份有限公司太原并州北路证券营业部,10063426,0,10063426,10063426,732502149
98371,600537.SH,2013/1/4,SELL,4,106001,涨幅偏离值达7%的证券,国泰君安证券股份有限公司总部,,4410433,,,205246528
98564,002606.SZ,2013/1/4,BUY,2,106004,换手率达20%的证券,国信证券股份有限公司北京平安大街证券营业部,3457138,912230,4369368,2544908,293346453
98550,002671.SZ,2013/1/4,BUY,5,106001,涨幅偏离值达7%的证券,国信证券股份有限公司厦门湖滨北路营业部,2679493,59517,2739010,2619976,190670983
98745,000043.SZ,2013/1/4,SELL,4,106006,连续三个交易日内收盘价格涨幅偏离值累计达到20%的证券,国信证券股份有限公司深圳福中一路证券营业部,7246189,12917356,20163545,-5671167,1371305835
98698,000750.SZ,2013/1/4,SELL,2,106004,换手率达20%的证券,国信证券股份有限公司深圳泰然九路证券营业部,5596877,8377419,13974296,-2780542,1267414357
98343,600882.SH,2013/1/4,SELL,1,106006,连续三个交易日内收盘价格涨幅偏离值累计达到20%的证券,国元证券股份有限公司北京西坝河南路证券营业部,,22550528.5,,,401157920
98663,000898.SZ,2013/1/4,BUY,1,106001,涨幅偏离值达7%的证券,国元证券股份有限公司上海虹桥路证券营业部,45198726,0,45198726,45198726,389722923
98682,000799.SZ,2013/1/4,BUY,3,106004,换手率达20%的证券,国元证券股份有限公司台州世纪大道证券营业部,41842107,0,41842107,41842107,1794010551
98404,300353.SZ,2013/1/4,BUY,2,106004,换手率达20%的证券,国元证券股份有限公司珠海金湾南翔路证券营业部,2997492,0,2997492,2997492,131245309
98504,300103.SZ,2013/1/4,BUY,2,106004,换手率达20%的证券,海通证券股份有限公司北京中关村南大街证券营业部,4809340,2427070,7236410,2382270,255676532
98740,000156.SZ,2013/1/4,BUY,3,106001,涨幅偏离值达7%的证券,海通证券股份有限公司北京中关村南大街证券营业部,3456040,2697989,6154029,758051,216336298
98727,000156.SZ,2013/1/4,BUY,3,106004,换手率达20%的证券,海通证券股份有限公司北京中关村南大街证券营业部,3456040,2697989,6154029,758051,216336298
98715,000417.SZ,2013/1/4,SELL,3,106001,涨幅偏离值达7%的证券,海通证券股份有限公司大庆经三街证券营业部,0,4463335,4463335,-4463335,236236140
98461,300291.SZ,2013/1/4,BUY,5,106001,涨幅偏离值达7%的证券,海通证券股份有限公司杭州环城西路证券营业部,2814900,192183,3007083,2622717,141198339
98579,002484.SZ,2013/1/4,SELL,4,106001,涨幅偏离值达7%的证券,海通证券股份有限公司杭州解放路证券营业部,759688,1770654,2530342,-1010966,100196276
98616,002236.SZ,2013/1/4,BUY,4,106002,跌幅偏离值达7%的证券,海通证券股份有限公司兰州东岗东路证券营业部,19090913,0,19090913,19090913,493378285
98396,600532.SH,2013/1/4,BUY,3,106001,涨幅偏离值达7%的证券,海通证券股份有限公司南京广州路营业部,3291300,,,,92539704
98653,002145.SZ,2013/1/4,SELL,1,106004,换手率达20%的证券,海通证券股份有限公司南京广州路证券营业部,5707161,13397082,19104243,-7689921,418279769
98650,002145.SZ,2013/1/4,BUY,4,106004,换手率达20%的证券,海通证券股份有限公司南京广州路证券营业部,5707161,13397082,19104243,-7689921,418279769
98634,002145.SZ,2013/1/4,SELL,1,106001,涨幅偏离值达7%的证券,海通证券股份有限公司南京广州路证券营业部,5707161,13397082,19104243,-7689921,418279769
98641,002145.SZ,2013/1/4,BUY,4,106001,涨幅偏离值达7%的证券,海通证券股份有限公司南京广州路证券营业部,5707161,13397082,19104243,-7689921,418279769
98377,600537.SH,2013/1/4,SELL,1,106001,涨幅偏离值达7%的证券,海通证券股份有限公司上海枣阳路证券营业部,,21951494,,,205246528
98502,300103.SZ,2013/1/4,BUY,1,106004,换手率达20%的证券,海通证券股份有限公司上海真华路证券营业部,8357061,36982,8394043,8320079,255676532
98688,000750.SZ,2013/1/4,BUY,3,106004,换手率达20%的证券,海通证券股份有限公司绍兴劳动路证券营业部,15448095,347456,15795551,15100639,1267414357
98568,002492.SZ,2013/1/4,SELL,4,106001,涨幅偏离值达7%的证券,海通证券股份有限公司绍兴劳动路证券营业部,0,2376915,2376915,-2376915,145970121
98741,000156.SZ,2013/1/4,SELL,4,106001,涨幅偏离值达7%的证券,海通证券股份有限公司深圳分公司红岭南路证券营业部,136431,4047847,4184278,-3911416,216336298
98728,000156.SZ,2013/1/4,SELL,4,106004,换手率达20%的证券,海通证券股份有限公司深圳分公司红岭南路证券营业部,136431,4047847,4184278,-3911416,216336298
98420,300348.SZ,2013/1/4,SELL,2,106004,换手率达20%的证券,海通证券股份有限公司嵊州西前街证券营业部,3175,3277032,3280207,-3273857,152656246
98528,002700.SZ,2013/1/4,SELL,3,106004,换手率达20%的证券,红塔证券股份有限公司苏州人民路证券营业部,0,3072456,3072456,-3072456,215270955
98701,000677.SZ,2013/1/4,BUY,4,106010,连续三个交易日内涨幅偏离值累计达到12%的ST证券、*ST证券和未完成股改证券,宏源证券股份有限公司杭州莫干山路证券营业部,1232245,0,1232245,1232245,29825508
98607,002239.SZ,2013/1/4,BUY,4,106006,连续三个交易日内收盘价格涨幅偏离值累计达到20%的证券,宏源证券股份有限公司杭州莫干山路证券营业部,2074443,0,2074443,2074443,23738968
98521,002703.SZ,2013/1/4,BUY,4,106004,换手率达20%的证券,宏源证券股份有限公司库尔勒建设路证券营业部,1104372,555262,1659634,549110,81835212
98421,300348.SZ,2013/1/4,BUY,1,106004,换手率达20%的证券,宏源证券股份有限公司武汉和平大道证券营业部,2891225,0,2891225,2891225,152656246
98424,300316.SZ,2013/1/4,BUY,3,106001,涨幅偏离值达7%的证券,宏源证券股份有限公司武汉和平大道证券营业部,2822058,126955,2949013,2695103,208416523
98519,002703.SZ,2013/1/4,BUY,5,106004,换手率达20%的证券,华创证券有限责任公司上海宜山路证券营业部,1081005,0,1081005,1081005,81835212
98580,002484.SZ,2013/1/4,BUY,4,106001,涨幅偏离值达7%的证券,华福证券有限责任公司泉州田安路证券营业部,2201539,17620,2219159,2183919,100196276
98352,600784.SH,2013/1/4,SELL,3,106001,涨幅偏离值达7%的证券,华林证券有限责任公司长沙五一大道证券营业部,,235410,,,3105964
98604,002239.SZ,2013/1/4,SELL,3,106006,连续三个交易日内收盘价格涨幅偏离值累计达到20%的证券,华泰证券股份有限公司北京广渠门内大街证券营业部,0,1335769,1335769,-1335769,23738968
98551,002671.SZ,2013/1/4,SELL,5,106001,涨幅偏离值达7%的证券,华泰证券股份有限公司北京月坛南街证券营业部,388188,2860253,3248441,-2472065,190670983
98547,002671.SZ,2013/1/4,SELL,2,106001,涨幅偏离值达7%的证券,华泰证券股份有限公司常州东横街证券营业部,1166136,5703355,6869491,-4537219,190670983
98370,600537.SH,2013/1/4,BUY,4,106001,涨幅偏离值达7%的证券,华泰证券股份有限公司成都人民南路证券营业部,8761230,,,,205246528
98361,600722.SH,2013/1/4,BUY,4,106099,其它异常波动的证券,华泰证券股份有限公司成都蜀金路证券营业部,8571214.84,,,,62574696
98684,000799.SZ,2013/1/4,BUY,4,106004,换手率达20%的证券,华泰证券股份有限公司成都蜀金路证券营业部,21226224,198175,21424399,21028049,1794010551
98707,000677.SZ,2013/1/4,BUY,1,106010,连续三个交易日内涨幅偏离值累计达到12%的ST证券、*ST证券和未完成股改证券,华泰证券股份有限公司成都梓潼桥西街证券营业部,16080000,0,16080000,16080000,29825508
98623,002151.SZ,2013/1/4,BUY,4,106006,连续三个交易日内收盘价格涨幅偏离值累计达到20%的证券,华泰证券股份有限公司南京瑞金路证券营业部,14907327,11143631,26050958,3763696,1076972325
98464,300291.SZ,2013/1/4,SELL,2,106001,涨幅偏离值达7%的证券,华泰证券股份有限公司南京长江路证券营业部,36145,2914959,2951104,-2878814,141198339
98458,300291.SZ,2013/1/4,SELL,4,106001,涨幅偏离值达7%的证券,华泰证券股份有限公司南京止马营证券营业部,41202,2416420,2457622,-2375218,141198339
98531,002700.SZ,2013/1/4,BUY,1,106004,换手率达20%的证券,华泰证券股份有限公司厦门厦禾路证券营业部,3934851,921218,4856069,3013633,215270955
98569,002492.SZ,2013/1/4,BUY,4,106001,涨幅偏离值达7%的证券,华泰证券股份有限公司上海黄河路证券营业部,5191903,0,5191903,5191903,145970121
98496,300111.SZ,2013/1/4,SELL,2,106001,涨幅偏离值达7%的证券,华泰证券股份有限公司绍兴上大路证券营业部,0,10109235,10109235,-10109235,187027482
98557,002606.SZ,2013/1/4,SELL,4,106004,换手率达20%的证券,华泰证券股份有限公司绍兴上大路证券营业部,22269,6783283,6805552,-6761014,293346453
98524,002700.SZ,2013/1/4,SELL,4,106004,换手率达20%的证券,华泰证券股份有限公司深圳益田路荣超商务中心证券营业部,540213,2854974,3395187,-2314761,215270955
98497,300111.SZ,2013/1/4,BUY,1,106001,涨幅偏离值达7%的证券,华泰证券股份有限公司深圳益田路荣超商务中心证券营业部,18647407,0,18647407,18647407,187027482
98376,600537.SH,2013/1/4,BUY,2,106001,涨幅偏离值达7%的证券,华泰证券股份有限公司深圳益田路荣超商务中心证券营业部,13327377.17,,,,205246528
98342,600882.SH,2013/1/4,BUY,1,106006,连续三个交易日内收盘价格涨幅偏离值累计达到20%的证券,华泰证券股份有限公司深圳益田路荣超商务中心证券营业部,20340448,,,,401157920
98347,600882.SH,2013/1/4,SELL,2,106006,连续三个交易日内收盘价格涨幅偏离值累计达到20%的证券,华泰证券股份有限公司深圳益田路荣超商务中心证券营业部,,20006106.19,,,401157920
98354,600784.SH,2013/1/4,BUY,2,106001,涨幅偏离值达7%的证券,华泰证券股份有限公司深圳益田路荣超商务中心证券营业部,373954.2,,,,3105964
98736,000156.SZ,2013/1/4,SELL,1,106001,涨幅偏离值达7%的证券,华泰证券股份有限公司深圳益田路荣超商务中心证券营业部,147323,11640954,11788277,-11493631,216336298
98723,000156.SZ,2013/1/4,SELL,1,106004,换手率达20%的证券,华泰证券股份有限公司深圳益田路荣超商务中心证券营业部,147323,11640954,11788277,-11493631,216336298
98600,002239.SZ,2013/1/4,BUY,2,106006,连续三个交易日内收盘价格涨幅偏离值累计达到20%的证券,华泰证券股份有限公司深圳益田路荣超商务中心证券营业部,4084311,0,4084311,4084311,23738968
98636,002145.SZ,2013/1/4,SELL,2,106001,涨幅偏离值达7%的证券,华泰证券股份有限公司深圳益田路荣超商务中心证券营业部,832916,9828111,10661027,-8995195,418279769
98643,002145.SZ,2013/1/4,SELL,2,106004,换手率达20%的证券,华泰证券股份有限公司深圳益田路荣超商务中心证券营业部,832916,9828111,10661027,-8995195,418279769
98443,300298.SZ,2013/1/4,BUY,1,106001,涨幅偏离值达7%的证券,华泰证券股份有限公司苏州人民路证券营业部,7922904,67150,7990054,7855754,224733618
98743,000043.SZ,2013/1/4,SELL,5,106006,连续三个交易日内收盘价格涨幅偏离值累计达到20%的证券,华泰证券股份有限公司苏州人民路证券营业部,1659690,12881555,14541245,-11221865,1371305835
98561,002606.SZ,2013/1/4,SELL,3,106004,换手率达20%的证券,华泰证券股份有限公司苏州人民路证券营业部,149277,7767588,7916865,-7618311,293346453
98480,300251.SZ,2013/1/4,SELL,4,106004,换手率达20%的证券,华泰证券股份有限公司无锡解放西路证券营业部,110633,16861875,16972508,-16751242,732502149
98454,300295.SZ,2013/1/4,BUY,1,106001,涨幅偏离值达7%的证券,华泰证券股份有限公司无锡解放西路证券营业部,16007070,40744,16047814,15966326,168894660
98437,300298.SZ,2013/1/4,BUY,4,106001,涨幅偏离值达7%的证券,华泰证券股份有限公司武汉西马路证券营业部,4650822,0,4650822,4650822,224733618
98670,000862.SZ,2013/1/4,BUY,5,106001,涨幅偏离值达7%的证券,华泰证券股份有限公司武汉西马路证券营业部,1287356,93720,1381076,1193636,40008521
98703,000677.SZ,2013/1/4,BUY,3,106010,连续三个交易日内涨幅偏离值累计达到12%的ST证券、*ST证券和未完成股改证券,华泰证券股份有限公司武汉西马路证券营业部,1441593,0,1441593,1441593,29825508
98426,300316.SZ,2013/1/4,BUY,4,106001,涨幅偏离值达7%的证券,华泰证券股份有限公司扬州文昌中路证券营业部,2538279,8369,2546648,2529910,208416523
98625,002151.SZ,2013/1/4,SELL,5,106006,连续三个交易日内收盘价格涨幅偏离值累计达到20%的证券,华泰证券股份有限公司扬州文昌中路证券营业部,11149290,11508188,22657478,-358898,1076972325
98398,600532.SH,2013/1/4,BUY,2,106001,涨幅偏离值达7%的证券,华鑫证券有限责任公司上海茅台路证券营业部,7487098,,,,92539704
98484,300251.SZ,2013/1/4,SELL,3,106004,换手率达20%的证券,机构专用,0,29139830,29139830,-29139830,732502149
98486,300251.SZ,2013/1/4,SELL,2,106004,换手率达20%的证券,机构专用,0,29483552,29483552,-29483552,732502149
98488,300251.SZ,2013/1/4,SELL,1,106004,换手率达20%的证券,机构专用,0,70062557,70062557,-70062557,732502149
98451,300295.SZ,2013/1/4,SELL,3,106001,涨幅偏离值达7%的证券,机构专用,0,5929000,5929000,-5929000,168894660
98455,300295.SZ,2013/1/4,SELL,1,106001,涨幅偏离值达7%的证券,机构专用,0,11092405,11092405,-11092405,168894660
98460,300291.SZ,2013/1/4,SELL,5,106001,涨幅偏离值达7%的证券,机构专用,0,2354000,2354000,-2354000,141198339
98462,300291.SZ,2013/1/4,SELL,3,106001,涨幅偏离值达7%的证券,机构专用,0,2431767,2431767,-2431767,141198339
98466,300291.SZ,2013/1/4,SELL,1,106001,涨幅偏离值达7%的证券,机构专用,0,4885931,4885931,-4885931,141198339
98444,300298.SZ,2013/1/4,SELL,1,106001,涨幅偏离值达7%的证券,机构专用,0,15737706,15737706,-15737706,224733618
98442,300298.SZ,2013/1/4,SELL,2,106001,涨幅偏离值达7%的证券,机构专用,0,12028039,12028039,-12028039,224733618
98436,300298.SZ,2013/1/4,SELL,4,106001,涨幅偏离值达7%的证券,机构专用,0,8107349,8107349,-8107349,224733618
98439,300298.SZ,2013/1/4,SELL,5,106001,涨幅偏离值达7%的证券,机构专用,0,6213423,6213423,-6213423,224733618
98440,300298.SZ,2013/1/4,SELL,3,106001,涨幅偏离值达7%的证券,机构专用,0,10017511,10017511,-10017511,224733618
98545,002671.SZ,2013/1/4,SELL,1,106001,涨幅偏离值达7%的证券,机构专用,0,6829402,6829402,-6829402,190670983
98402,300353.SZ,2013/1/4,BUY,1,106004,换手率达20%的证券,机构专用,5347860,0,5347860,5347860,131245309
98546,002671.SZ,2013/1/4,BUY,1,106001,涨幅偏离值达7%的证券,机构专用,10102528,0,10102528,10102528,190670983
98548,002671.SZ,2013/1/4,SELL,3,106001,涨幅偏离值达7%的证券,机构专用,0,3538372,3538372,-3538372,190670983
98689,000750.SZ,2013/1/4,SELL,4,106004,换手率达20%的证券,机构专用,0,7785492,7785492,-7785492,1267414357
98679,000799.SZ,2013/1/4,BUY,2,106004,换手率达20%的证券,机构专用,56111964,0,56111964,56111964,1794010551
98655,000898.SZ,2013/1/4,BUY,3,106001,涨幅偏离值达7%的证券,机构专用,18313384,0,18313384,18313384,389722923
98659,000898.SZ,2013/1/4,BUY,5,106001,涨幅偏离值达7%的证券,机构专用,12810000,0,12810000,12810000,389722923
98710,000417.SZ,2013/1/4,BUY,3,106001,涨幅偏离值达7%的证券,机构专用,12034610,0,12034610,12034610,236236140
98711,000417.SZ,2013/1/4,SELL,4,106001,涨幅偏离值达7%的证券,机构专用,0,3998171,3998171,-3998171,236236140
98712,000417.SZ,2013/1/4,BUY,4,106001,涨幅偏离值达7%的证券,机构专用,10496756,0,10496756,10496756,236236140
98713,000417.SZ,2013/1/4,SELL,5,106001,涨幅偏离值达7%的证券,机构专用,0,3570700,3570700,-3570700,236236140
98714,000417.SZ,2013/1/4,BUY,5,106001,涨幅偏离值达7%的证券,机构专用,10419899,0,10419899,10419899,236236140
98716,000417.SZ,2013/1/4,BUY,2,106001,涨幅偏离值达7%的证券,机构专用,14542301,0,14542301,14542301,236236140
98718,000417.SZ,2013/1/4,BUY,1,106001,涨幅偏离值达7%的证券,机构专用,14660231,0,14660231,14660231,236236140
98719,000417.SZ,2013/1/4,SELL,1,106001,涨幅偏离值达7%的证券,机构专用,0,38872150,38872150,-38872150,236236140
98611,002236.SZ,2013/1/4,SELL,5,106002,跌幅偏离值达7%的证券,机构专用,0,23401124,23401124,-23401124,493378285
98613,002236.SZ,2013/1/4,SELL,1,106002,跌幅偏离值达7%的证券,机构专用,0,51334501,51334501,-51334501,493378285
98612,002236.SZ,2013/1/4,BUY,5,106002,跌幅偏离值达7%的证券,机构专用,12883806,0,12883806,12883806,493378285
98614,002236.SZ,2013/1/4,SELL,2,106002,跌幅偏离值达7%的证券,机构专用,0,51308892,51308892,-51308892,493378285
98615,002236.SZ,2013/1/4,BUY,1,106002,跌幅偏离值达7%的证券,机构专用,39394217,0,39394217,39394217,493378285
98617,002236.SZ,2013/1/4,SELL,4,106002,跌幅偏离值达7%的证券,机构专用,0,25257827,25257827,-25257827,493378285
98618,002236.SZ,2013/1/4,BUY,3,106002,跌幅偏离值达7%的证券,机构专用,21535080,0,21535080,21535080,493378285
98619,002236.SZ,2013/1/4,SELL,3,106002,跌幅偏离值达7%的证券,机构专用,0,30546031,30546031,-30546031,493378285
98386,600535.SH,2013/1/4,SELL,1,106002,跌幅偏离值达7%的证券,机构专用1,,125191033.3,,,432135520
98387,600535.SH,2013/1/4,BUY,1,106002,跌幅偏离值达7%的证券,机构专用1,36685776.39,,,,432135520
98384,600535.SH,2013/1/4,BUY,5,106002,跌幅偏离值达7%的证券,机构专用2,11136877.65,,,,432135520
98388,600535.SH,2013/1/4,SELL,3,106002,跌幅偏离值达7%的证券,机构专用2,,31485795.18,,,432135520
98382,600535.SH,2013/1/4,SELL,4,106002,跌幅偏离值达7%的证券,机构专用3,,27480003.07,,,432135520
98383,600535.SH,2013/1/4,SELL,5,106002,跌幅偏离值达7%的证券,机构专用4,,25004013.14,,,432135520
98365,600722.SH,2013/1/4,SELL,1,106099,其它异常波动的证券,民生证券股份有限公司北京航丰路证券营业部,,10007289.96,,,62574696
98346,600882.SH,2013/1/4,BUY,3,106006,连续三个交易日内收盘价格涨幅偏离值累计达到20%的证券,民生证券股份有限公司天津福安大街证券营业部,9692791.57,,,,401157920
98680,000799.SZ,2013/1/4,BUY,1,106004,换手率达20%的证券,民生证券股份有限公司天津福安大街证券营业部,70062545,0,70062545,70062545,1794010551
98700,000677.SZ,2013/1/4,SELL,5,106010,连续三个交易日内涨幅偏离值累计达到12%的ST证券、*ST证券和未完成股改证券,民生证券股份有限公司郑州郑汴路证券营业部,0,123600,123600,-123600,29825508
98392,600532.SH,2013/1/4,SELL,5,106001,涨幅偏离值达7%的证券,南京证券股份有限公司南京龙蟠路证券营业部,,2316100,,,92539704
98535,002694.SZ,2013/1/4,SELL,4,106004,换手率达20%的证券,南京证券股份有限公司南京热河路证券营业部,47808,3515565,3563373,-3467757,184695721
98537,002694.SZ,2013/1/4,SELL,5,106004,换手率达20%的证券,南京证券股份有限公司南京中山南路证券营业部,596173,3310230,3906403,-2714057,184695721
98675,000862.SZ,2013/1/4,SELL,1,106001,涨幅偏离值达7%的证券,南京证券股份有限公司镇江中山东路证券营业部,0,1827723,1827723,-1827723,40008521
98667,000862.SZ,2013/1/4,SELL,4,106001,涨幅偏离值达7%的证券,南京证券股份有限公司中卫证券营业部,0,697775,697775,-697775,40008521
98733,000156.SZ,2013/1/4,SELL,5,106001,涨幅偏离值达7%的证券,平安证券有限责任公司杭州潮王路证券营业部,838931,3274286,4113217,-2435355,216336298
98731,000156.SZ,2013/1/4,SELL,5,106004,换手率达20%的证券,平安证券有限责任公司杭州潮王路证券营业部,838931,3274286,4113217,-2435355,216336298
98705,000677.SZ,2013/1/4,BUY,2,106010,连续三个交易日内涨幅偏离值累计达到12%的ST证券、*ST证券和未完成股改证券,平安证券有限责任公司上海零陵路证券营业部,9840000,0,9840000,9840000,29825508
98355,600784.SH,2013/1/4,SELL,1,106001,涨幅偏离值达7%的证券,齐鲁证券有限公司济南历山路证券营业部,,1181040,,,3105964
98508,300103.SZ,2013/1/4,BUY,4,106004,换手率达20%的证券,齐鲁证券有限公司青岛正阳路证券营业部,3980891,18455,3999346,3962436,255676532
98598,002460.SZ,2013/1/4,SELL,4,106001,涨幅偏离值达7%的证券,齐鲁证券有限公司厦门厦禾路证券营业部,0,1967975,1967975,-1967975,83172986
98669,000862.SZ,2013/1/4,SELL,5,106001,涨幅偏离值达7%的证券,齐鲁证券有限公司上海西安路证券营业部,0,692173,692173,-692173,40008521
98363,600722.SH,2013/1/4,SELL,2,106099,其它异常波动的证券,齐鲁证券有限公司深圳红荔路银荔大厦证券营业部,,6847999.27,,,62574696
98359,600722.SH,2013/1/4,BUY,5,106099,其它异常波动的证券,齐鲁证券有限公司深圳红荔路银荔大厦证券营业部,6606918.46,,,,62574696
98394,600532.SH,2013/1/4,SELL,4,106001,涨幅偏离值达7%的证券,齐鲁证券有限公司石家庄中华南大街证券营业部,,2712275,,,92539704
98708,000677.SZ,2013/1/4,SELL,1,106010,连续三个交易日内涨幅偏离值累计达到12%的ST证券、*ST证券和未完成股改证券,齐鲁证券有限公司寿光公园北街证券营业部,0,25920000,25920000,-25920000,29825508
98341,600882.SH,2013/1/4,SELL,5,106006,连续三个交易日内收盘价格涨幅偏离值累计达到20%的证券,齐鲁证券有限公司淄博中润大道证券营业部,,14606437.2,,,401157920
98694,000750.SZ,2013/1/4,BUY,2,106004,换手率达20%的证券,瑞银证券有限责任公司上海花园石桥路证券营业部,18089609,147453,18237062,17942156,1267414357
98620,002236.SZ,2013/1/4,BUY,2,106002,跌幅偏离值达7%的证券,瑞银证券有限责任公司上海花园石桥路证券营业部,32900938,0,32900938,32900938,493378285
98752,000043.SZ,2013/1/4,BUY,5,106006,连续三个交易日内收盘价格涨幅偏离值累计达到20%的证券,厦门证券有限公司厦门湖滨西路证券营业部,13491820,119713,13611533,13372107,1371305835
98648,002145.SZ,2013/1/4,BUY,3,106004,换手率达20%的证券,山西证券股份有限公司太原平阳路证券营业部,6095000,2204,6097204,6092796,418279769
98639,002145.SZ,2013/1/4,BUY,3,106001,涨幅偏离值达7%的证券,山西证券股份有限公司太原平阳路证券营业部,6095000,2204,6097204,6092796,418279769
98494,300111.SZ,2013/1/4,BUY,5,106001,涨幅偏离值达7%的证券,山西证券股份有限公司太原漪汾街证券营业部,2673559,537300,3210859,2136259,187027482
98369,600537.SH,2013/1/4,SELL,3,106001,涨幅偏离值达7%的证券,山西证券股份有限公司太原迎泽大街证券营业部,,5465206.29,,,205246528
98492,300111.SZ,2013/1/4,BUY,4,106001,涨幅偏离值达7%的证券,上海证券有限责任公司杭州文二路证券营业部,2814662,37600,2852262,2777062,187027482
98495,300111.SZ,2013/1/4,BUY,2,106001,涨幅偏离值达7%的证券,申银万国证券股份有限公司成都槐树街证券营业部,11158855,6578,11165433,11152277,187027482
98517,002703.SZ,2013/1/4,BUY,1,106004,换手率达20%的证券,申银万国证券股份有限公司上海崇明证券营业部,4339086,0,4339086,4339086,81835212
98686,000799.SZ,2013/1/4,BUY,5,106004,换手率达20%的证券,申银万国证券股份有限公司上海崇明证券营业部,20630829,123318,20754147,20507511,1794010551
98472,300262.SZ,2013/1/4,SELL,5,106004,换手率达20%的证券,申银万国证券股份有限公司上海广东路证券营业部,550546,6202634,6753180,-5652088,287597870
98678,000799.SZ,2013/1/4,SELL,2,106004,换手率达20%的证券,申银万国证券股份有限公司上海海宁路证券营业部,133365,105379601,105512966,-105246236,1794010551
98475,300262.SZ,2013/1/4,SELL,2,106004,换手率达20%的证券,申银万国证券股份有限公司上海陆家嘴环路证券营业部,0,15430703,15430703,-15430703,287597870
98637,002145.SZ,2013/1/4,BUY,2,106001,涨幅偏离值达7%的证券,申银万国证券股份有限公司上海陆家嘴环路证券营业部,11623651,356494,11980145,11267157,418279769
98645,002145.SZ,2013/1/4,BUY,2,106004,换手率达20%的证券,申银万国证券股份有限公司上海陆家嘴环路证券营业部,11623651,356494,11980145,11267157,418279769
98530,002700.SZ,2013/1/4,SELL,2,106004,换手率达20%的证券,申银万国证券股份有限公司上海上中西路证券营业部,21569,3219533,3241102,-3197964,215270955
98596,002460.SZ,2013/1/4,SELL,5,106001,涨幅偏离值达7%的证券,世纪证券有限责任公司九江庐山区长虹大道证券营业部,0,1913159,1913159,-1913159,83172986
98364,600722.SH,2013/1/4,BUY,2,106099,其它异常波动的证券,世纪证券有限责任公司深圳深南大道中证券营业部,9902361,,,,62574696
98732,000156.SZ,2013/1/4,BUY,5,106001,涨幅偏离值达7%的证券,首创证券有限责任公司北京五道口证券营业部,2535240,0,2535240,2535240,216336298
98724,000156.SZ,2013/1/4,BUY,5,106004,换手率达20%的证券,首创证券有限责任公司北京五道口证券营业部,2535240,0,2535240,2535240,216336298
98656,000898.SZ,2013/1/4,SELL,4,106001,涨幅偏离值达7%的证券,首创证券有限责任公司上海共和新路证券营业部,4270000,6872568,11142568,-2602568,389722923
98671,000862.SZ,2013/1/4,SELL,3,106001,涨幅偏离值达7%的证券,首创证券有限责任公司上海水城路证券营业部,3150,901600,904750,-898450,40008521
98389,600535.SH,2013/1/4,BUY,3,106002,跌幅偏离值达7%的证券,天源证券有限公司盘锦泰山路证券营业部,13192339.6,,,,432135520
98468,300262.SZ,2013/1/4,BUY,3,106004,换手率达20%的证券,万联证券有限责任公司广州滨江东路证券营业部,5342485,2194,5344679,5340291,287597870
98340,600882.SH,2013/1/4,BUY,5,106006,连续三个交易日内收盘价格涨幅偏离值累计达到20%的证券,五矿证券有限公司杭州中山北路证券营业部,7956623,,,,401157920
98674,000862.SZ,2013/1/4,BUY,1,106001,涨幅偏离值达7%的证券,五矿证券有限公司深圳金田路证券营业部,6438712,5044,6443756,6433668,40008521
98573,002492.SZ,2013/1/4,BUY,2,106001,涨幅偏离值达7%的证券,五矿证券有限公司深圳金田路证券营业部,10925235,0,10925235,10925235,145970121
98638,002145.SZ,2013/1/4,SELL,3,106001,涨幅偏离值达7%的证券,五矿证券有限公司深圳金田路证券营业部,43810,9440508,9484318,-9396698,418279769
98644,002145.SZ,2013/1/4,SELL,3,106004,换手率达20%的证券,五矿证券有限公司深圳金田路证券营业部,43810,9440508,9484318,-9396698,418279769
98473,300262.SZ,2013/1/4,SELL,3,106004,换手率达20%的证券,西藏同信证券有限责任公司上海东方路证券营业部,143968,8332805,8476773,-8188837,287597870
98597,002460.SZ,2013/1/4,BUY,4,106001,涨幅偏离值达7%的证券,西藏同信证券有限责任公司上海东方路证券营业部,4010112,0,4010112,4010112,83172986
98438,300298.SZ,2013/1/4,BUY,5,106001,涨幅偏离值达7%的证券,西南证券股份有限公司重庆万州高笋塘证券营业部,4506745,0,4506745,4506745,224733618
98380,600535.SH,2013/1/4,SELL,2,106002,跌幅偏离值达7%的证券,湘财证券有限责任公司北京首体南路证券营业部,,44418713.5,,,432135520
98683,000799.SZ,2013/1/4,SELL,4,106004,换手率达20%的证券,湘财证券有限责任公司北京首体南路证券营业部,211525,47298199,47509724,-47086674,1794010551
98393,600532.SH,2013/1/4,BUY,4,106001,涨幅偏离值达7%的证券,湘财证券有限责任公司上海金沙江路证券营业部,3173057,,,,92539704
98590,002460.SZ,2013/1/4,SELL,2,106001,涨幅偏离值达7%的证券,新时代证券有限责任公司深圳深南东路证券营业部,0,2585965,2585965,-2585965,83172986
98562,002606.SZ,2013/1/4,BUY,1,106004,换手率达20%的证券,信达证券股份有限公司铁岭光荣街证券营业部,3854157,11796,3865953,3842361,293346453
98523,002700.SZ,2013/1/4,BUY,3,106004,换手率达20%的证券,兴业证券股份有限公司太原双塔寺街证券营业部,3047469,0,3047469,3047469,215270955
98512,002703.SZ,2013/1/4,SELL,2,106004,换手率达20%的证券,长城证券有限责任公司北京通胡大街证券营业部,3306,961223,964529,-957917,81835212
98457,300291.SZ,2013/1/4,BUY,3,106001,涨幅偏离值达7%的证券,长城证券有限责任公司北京中关村大街证券营业部,4437745,6579,4444324,4431166,141198339
98666,000862.SZ,2013/1/4,BUY,3,106001,涨幅偏离值达7%的证券,长城证券有限责任公司北京中关村大街证券营业部,1458210,0,1458210,1458210,40008521
98738,000156.SZ,2013/1/4,BUY,2,106001,涨幅偏离值达7%的证券,长城证券有限责任公司杭州文华路证券营业部,5327096,135253,5462349,5191843,216336298
98725,000156.SZ,2013/1/4,BUY,2,106004,换手率达20%的证券,长城证券有限责任公司杭州文华路证券营业部,5327096,135253,5462349,5191843,216336298
98668,000862.SZ,2013/1/4,BUY,4,106001,涨幅偏离值达7%的证券,长城证券有限责任公司莆田荔城大道证券营业部,1351756,0,1351756,1351756,40008521
98366,600722.SH,2013/1/4,BUY,1,106099,其它异常波动的证券,长江证券股份有限公司成都光华村街证券营业部,13389831.55,,,,62574696
98532,002700.SZ,2013/1/4,SELL,1,106004,换手率达20%的证券,长江证券股份有限公司惠州下埔路证券营业部,418104,5885398,6303502,-5467294,215270955
98418,300348.SZ,2013/1/4,SELL,3,106004,换手率达20%的证券,长江证券股份有限公司郑州金水路证券营业部,71119,2630721,2701840,-2559602,152656246
98372,600537.SH,2013/1/4,BUY,5,106001,涨幅偏离值达7%的证券,招商证券股份有限公司北京车公庄西路证券营业部,7847556.01,,,,205246528
98558,002606.SZ,2013/1/4,BUY,4,106004,换手率达20%的证券,招商证券股份有限公司北京知春东里证券营业部,2392498,79015,2471513,2313483,293346453
98606,002239.SZ,2013/1/4,SELL,4,106006,连续三个交易日内收盘价格涨幅偏离值累计达到20%的证券,招商证券股份有限公司北京知春东里证券营业部,0,1067884,1067884,-1067884,23738968
98409,300353.SZ,2013/1/4,SELL,5,106004,换手率达20%的证券,招商证券股份有限公司南京中山南路证券营业部,560130,2659702,3219832,-2099572,131245309
98453,300295.SZ,2013/1/4,SELL,2,106001,涨幅偏离值达7%的证券,招商证券股份有限公司上海娄山关路证券营业部,0,8449189,8449189,-8449189,168894660
98673,000862.SZ,2013/1/4,SELL,2,106001,涨幅偏离值达7%的证券,招商证券股份有限公司上海肇嘉浜路证券营业部,7073,1318235,1325308,-1311162,40008521
98529,002700.SZ,2013/1/4,BUY,2,106004,换手率达20%的证券,招商证券股份有限公司深圳东门南路证券营业部,3572424,154284,3726708,3418140,215270955
98410,300353.SZ,2013/1/4,BUY,4,106004,换手率达20%的证券,招商证券股份有限公司深圳南山南油大道证券营业部,1784184,194190,1978374,1589994,131245309
98485,300251.SZ,2013/1/4,BUY,2,106004,换手率达20%的证券,招商证券股份有限公司深圳笋岗路证券营业部,9454981,88627,9543608,9366354,732502149
98572,002492.SZ,2013/1/4,SELL,3,106001,涨幅偏离值达7%的证券,招商证券股份有限公司长春亚泰大街证券营业部,0,2749340,2749340,-2749340,145970121
98526,002700.SZ,2013/1/4,SELL,5,106004,换手率达20%的证券,招商证券股份有限公司长沙芙蓉中路证券营业部,902092,2576112,3478204,-1674020,215270955
98584,002484.SZ,2013/1/4,SELL,2,106001,涨幅偏离值达7%的证券,浙商证券股份有限公司厦门杏林东路证券营业部,4697867,2282639,6980506,2415228,100196276
98585,002484.SZ,2013/1/4,BUY,2,106001,涨幅偏离值达7%的证券,浙商证券股份有限公司厦门杏林东路证券营业部,4697867,2282639,6980506,2415228,100196276
98742,000156.SZ,2013/1/4,BUY,4,106001,涨幅偏离值达7%的证券,浙商证券股份有限公司上海万航渡路证券营业部,3441000,27520,3468520,3413480,216336298
98729,000156.SZ,2013/1/4,BUY,4,106004,换手率达20%的证券,浙商证券股份有限公司上海万航渡路证券营业部,3441000,27520,3468520,3413480,216336298
98513,002703.SZ,2013/1/4,BUY,2,106004,换手率达20%的证券,浙商证券股份有限公司绍兴解放北路证券营业部,1815847,592753,2408600,1223094,81835212
98446,300295.SZ,2013/1/4,BUY,3,106001,涨幅偏离值达7%的证券,中国国际金融有限公司上海淮海中路证券营业部,10873468,1437879,12311347,9435589,168894660
98541,002694.SZ,2013/1/4,SELL,2,106004,换手率达20%的证券,中国国际金融有限公司上海淮海中路证券营业部,0,5050701,5050701,-5050701,184695721
98381,600535.SH,2013/1/4,BUY,4,106002,跌幅偏离值达7%的证券,中国国际金融有限公司上海淮海中路证券营业部,11227557.8,,,,432135520
98693,000750.SZ,2013/1/4,SELL,3,106004,换手率达20%的证券,中国国际金融有限公司上海淮海中路证券营业部,83441,8315067,8398508,-8231626,1267414357
98746,000043.SZ,2013/1/4,BUY,3,106006,连续三个交易日内收盘价格涨幅偏离值累计达到20%的证券,中国国际金融有限公司上海淮海中路证券营业部,16377628,16970815,33348443,-593187,1371305835
98753,000043.SZ,2013/1/4,SELL,2,106006,连续三个交易日内收盘价格涨幅偏离值累计达到20%的证券,中国国际金融有限公司上海淮海中路证券营业部,16377628,16970815,33348443,-593187,1371305835
98717,000417.SZ,2013/1/4,SELL,2,106001,涨幅偏离值达7%的证券,中国国际金融有限公司上海淮海中路证券营业部,68505,7545993,7614498,-7477488,236236140
98747,000043.SZ,2013/1/4,SELL,3,106006,连续三个交易日内收盘价格涨幅偏离值累计达到20%的证券,中国国际金融有限公司深圳福华一路证券营业部,0,14052271,14052271,-14052271,1371305835
98594,002460.SZ,2013/1/4,SELL,1,106001,涨幅偏离值达7%的证券,中国民族证券有限责任公司广州福今路证券营业部,0,6120433,6120433,-6120433,83172986
98658,000898.SZ,2013/1/4,SELL,5,106001,涨幅偏离值达7%的证券,中国银河证券股份有限公司北京金融街证券营业部,45268,6864536,6909804,-6819268,389722923
98525,002700.SZ,2013/1/4,BUY,4,106004,换手率达20%的证券,中国银河证券股份有限公司福州证券营业部,2367560,346137,2713697,2021423,215270955
98560,002606.SZ,2013/1/4,BUY,5,106004,换手率达20%的证券,中国银河证券股份有限公司合肥屯溪路证券营业部,2274320,0,2274320,2274320,293346453
98479,300251.SZ,2013/1/4,BUY,3,106004,换手率达20%的证券,中国银河证券股份有限公司马鞍山证券营业部,8570169,39080,8609249,8531089,732502149
98567,002492.SZ,2013/1/4,BUY,3,106001,涨幅偏离值达7%的证券,中国银河证券股份有限公司宁波翠柏路证券营业部,6108314,0,6108314,6108314,145970121
98452,300295.SZ,2013/1/4,BUY,2,106001,涨幅偏离值达7%的证券,中国银河证券股份有限公司宁波大庆南路证券营业部,15065470,0,15065470,15065470,168894660
98469,300262.SZ,2013/1/4,SELL,4,106004,换手率达20%的证券,中国银河证券股份有限公司厦门美湖路证券营业部,26770,7913690,7940460,-7886920,287597870
98629,002151.SZ,2013/1/4,SELL,2,106006,连续三个交易日内收盘价格涨幅偏离值累计达到20%的证券,中国银河证券股份有限公司厦门美湖路证券营业部,14724411,16881751,31606162,-2157340,1076972325
98626,002151.SZ,2013/1/4,BUY,5,106006,连续三个交易日内收盘价格涨幅偏离值累计达到20%的证券,中国银河证券股份有限公司厦门美湖路证券营业部,14724411,16881751,31606162,-2157340,1076972325
98483,300251.SZ,2013/1/4,BUY,5,106004,换手率达20%的证券,中国银河证券股份有限公司上海肇嘉浜路证券营业部,7048672,558267,7606939,6490405,732502149
98490,300111.SZ,2013/1/4,BUY,3,106001,涨幅偏离值达7%的证券,中国银河证券股份有限公司绍兴证券营业部,6776976,3520546,10297522,3256430,187027482
98493,300111.SZ,2013/1/4,SELL,5,106001,涨幅偏离值达7%的证券,中国银河证券股份有限公司绍兴证券营业部,6776976,3520546,10297522,3256430,187027482
98542,002694.SZ,2013/1/4,BUY,1,106004,换手率达20%的证券,中国银河证券股份有限公司绍兴证券营业部,4430065,0,4430065,4430065,184695721
98744,000043.SZ,2013/1/4,BUY,4,106006,连续三个交易日内收盘价格涨幅偏离值累计达到20%的证券,中国银河证券股份有限公司绍兴证券营业部,15543450,5276763,20820213,10266687,1371305835
98447,300295.SZ,2013/1/4,SELL,4,106001,涨幅偏离值达7%的证券,中国银河证券股份有限公司深圳宝安路证券营业部,0,5548622,5548622,-5548622,168894660
98509,300103.SZ,2013/1/4,SELL,4,106004,换手率达20%的证券,中国银河证券股份有限公司武汉花桥证券营业部,15206,2919966,2935172,-2904760,255676532
98429,300316.SZ,2013/1/4,SELL,3,106001,涨幅偏离值达7%的证券,中国银河证券股份有限公司宜昌新世纪证券营业部,108799,3198142,3306941,-3089343,208416523
98603,002239.SZ,2013/1/4,SELL,1,106006,连续三个交易日内收盘价格涨幅偏离值累计达到20%的证券,中国银河证券股份有限公司义乌稠州北路证券营业部,0,2949996,2949996,-2949996,23738968
98506,300103.SZ,2013/1/4,BUY,5,106004,换手率达20%的证券,中国银河证券股份有限公司重庆民族路证券营业部,3142603,0,3142603,3142603,255676532
98672,000862.SZ,2013/1/4,BUY,2,106001,涨幅偏离值达7%的证券,中国中投证券有限责任公司杭州环球中心证券营业部,4517015,0,4517015,4517015,40008521
98358,600722.SH,2013/1/4,SELL,5,106099,其它异常波动的证券,中国中投证券有限责任公司南通姚港路证券营业部,,2817675.32,,,62574696
98360,600722.SH,2013/1/4,SELL,4,106099,其它异常波动的证券,中国中投证券有限责任公司无锡清扬路证券营业部,,2938981.45,,,62574696
98578,002484.SZ,2013/1/4,BUY,3,106001,涨幅偏离值达7%的证券,中国中投证券有限责任公司无锡清扬路证券营业部,2594516,1187,2595703,2593329,100196276
98571,002492.SZ,2013/1/4,BUY,5,106001,涨幅偏离值达7%的证券,中国中投证券有限责任公司无锡清扬路证券营业部,3575000,0,3575000,3575000,145970121
98491,300111.SZ,2013/1/4,SELL,4,106001,涨幅偏离值达7%的证券,中航证券有限公司北京安立路证券营业部,0,3622974,3622974,-3622974,187027482
98351,600784.SH,2013/1/4,SELL,4,106001,涨幅偏离值达7%的证券,中航证券有限公司北京安立路证券营业部,,86640,,,3105964
98702,000677.SZ,2013/1/4,SELL,4,106010,连续三个交易日内涨幅偏离值累计达到12%的ST证券、*ST证券和未完成股改证券,中航证券有限公司深圳春风路证券营业部,0,124450,124450,-124450,29825508
98395,600532.SH,2013/1/4,BUY,5,106001,涨幅偏离值达7%的证券,中山证券有限责任公司杭州杨公堤证券营业部,2563557,,,,92539704
98582,002484.SZ,2013/1/4,SELL,5,106001,涨幅偏离值达7%的证券,中信建投证券股份有限公司北京海淀南路证券营业部,15080,1592261,1607341,-1577181,100196276
98385,600535.SH,2013/1/4,BUY,2,106002,跌幅偏离值达7%的证券,中信建投证券股份有限公司广州天河路证券营业部,30966810.75,,,,432135520
98498,300111.SZ,2013/1/4,SELL,1,106001,涨幅偏离值达7%的证券,中信建投证券股份有限公司杭州庆春路证券营业部,43540,14894478,14938018,-14850938,187027482
98592,002460.SZ,2013/1/4,SELL,3,106001,涨幅偏离值达7%的证券,中信建投证券股份有限公司吉安井冈山大道证券营业部,0,1988748,1988748,-1988748,83172986
98565,002606.SZ,2013/1/4,SELL,2,106004,换手率达20%的证券,中信建投证券股份有限公司南昌子固路证券营业部,0,7912019,7912019,-7912019,293346453
98405,300353.SZ,2013/1/4,SELL,3,106004,换手率达20%的证券,中信建投证券股份有限公司南京龙园西路证券营业部,356647,3259188,3615835,-2902541,131245309
98399,600532.SH,2013/1/4,SELL,1,106001,涨幅偏离值达7%的证券,中信建投证券股份有限公司武汉市中北路证券营业部,,14839874.39,,,92539704
98739,000156.SZ,2013/1/4,SELL,3,106001,涨幅偏离值达7%的证券,中信建投证券股份有限公司武汉中北路证券营业部,312534,5483052,5795586,-5170518,216336298
98726,000156.SZ,2013/1/4,SELL,3,106004,换手率达20%的证券,中信建投证券股份有限公司武汉中北路证券营业部,312534,5483052,5795586,-5170518,216336298
98591,002460.SZ,2013/1/4,BUY,2,106001,涨幅偏离值达7%的证券,中信建投证券股份有限公司武汉中北路证券营业部,5471448,2124,5473572,5469324,83172986
98559,002606.SZ,2013/1/4,SELL,5,106004,换手率达20%的证券,中信建投证券股份有限公司武汉中北路证券营业部,53095,6635072,6688167,-6581977,293346453
98339,600882.SH,2013/1/4,SELL,4,106006,连续三个交易日内收盘价格涨幅偏离值累计达到20%的证券,中信建投证券股份有限公司淄博市中心路证券营业部,,15069249.32,,,401157920
98449,300295.SZ,2013/1/4,SELL,5,106001,涨幅偏离值达7%的证券,中信万通证券有限责任公司胶州湖州路证券营业部,0,5445581,5445581,-5445581,168894660
98373,600537.SH,2013/1/4,SELL,5,106001,涨幅偏离值达7%的证券,中信万通证券有限责任公司临沂金雀山路证券营业部,,2921696,,,205246528
98422,300348.SZ,2013/1/4,SELL,1,106004,换手率达20%的证券,中信万通证券有限责任公司青岛标山路证券营业部,25014,5254286,5279300,-5229272,152656246
98435,300298.SZ,2013/1/4,BUY,3,106001,涨幅偏离值达7%的证券,中信证券（浙江）有限责任公司海宁硖西路证券营业部,5163360,122062,5285422,5041298,224733618
98374,600537.SH,2013/1/4,BUY,3,106001,涨幅偏离值达7%的证券,中信证券（浙江）有限责任公司杭州文三路证券营业部,10011704.5,,,,205246528
98430,300316.SZ,2013/1/4,BUY,2,106001,涨幅偏离值达7%的证券,中信证券（浙江）有限责任公司金华中山路证券营业部,3266433,1152731,4419164,2113702,208416523
98608,002239.SZ,2013/1/4,SELL,5,106006,连续三个交易日内收盘价格涨幅偏离值累计达到20%的证券,中信证券（浙江）有限责任公司临安钱王街证券营业部,0,929212,929212,-929212,23738968
98415,300348.SZ,2013/1/4,BUY,4,106004,换手率达20%的证券,中信证券（浙江）有限责任公司绍兴越王城证券营业部,2352786,0,2352786,2352786,152656246
98499,300111.SZ,2013/1/4,SELL,3,106001,涨幅偏离值达7%的证券,中信证券（浙江）有限责任公司嵊州时代商务广场证券营业部,0,8004114,8004114,-8004114,187027482
98706,000677.SZ,2013/1/4,SELL,2,106010,连续三个交易日内涨幅偏离值累计达到12%的ST证券、*ST证券和未完成股改证券,中信证券股份有限公司北京复外大街证券营业部,0,348320,348320,-348320,29825508
98589,002460.SZ,2013/1/4,BUY,1,106001,涨幅偏离值达7%的证券,中信证券股份有限公司大连星海广场证券营业部,6467580,0,6467580,6467580,83172986
98730,000156.SZ,2013/1/4,SELL,2,106001,涨幅偏离值达7%的证券,中信证券股份有限公司上海漕溪北路证券营业部,0,10960536,10960536,-10960536,216336298
98721,000156.SZ,2013/1/4,SELL,2,106004,换手率达20%的证券,中信证券股份有限公司上海漕溪北路证券营业部,0,10960536,10960536,-10960536,216336298
98575,002492.SZ,2013/1/4,BUY,1,106001,涨幅偏离值达7%的证券,中信证券股份有限公司上海漕溪北路证券营业部,16471166,22526,16493692,16448640,145970121
98534,002694.SZ,2013/1/4,BUY,3,106004,换手率达20%的证券,中信证券股份有限公司上海东方路证券营业部,2163804,14724454,16888258,-12560650,184695721
98543,002694.SZ,2013/1/4,SELL,1,106004,换手率达20%的证券,中信证券股份有限公司上海东方路证券营业部,2163804,14724454,16888258,-12560650,184695721
98471,300262.SZ,2013/1/4,BUY,5,106004,换手率达20%的证券,中信证券股份有限公司上海淮海中路证券营业部,4398000,4772873,9170873,-374873,287597870
98433,300316.SZ,2013/1/4,SELL,1,106001,涨幅偏离值达7%的证券,中信证券股份有限公司上海淮海中路证券营业部,21852,5420346,5442198,-5398494,208416523
98595,002460.SZ,2013/1/4,BUY,5,106001,涨幅偏离值达7%的证券,中信证券股份有限公司上海淮海中路证券营业部,2506681,46676,2553357,2460005,83172986
98692,000750.SZ,2013/1/4,SELL,5,106004,换手率达20%的证券,中信证券股份有限公司上海溧阳路证券营业部,274919,7552332,7827251,-7277413,1267414357
98662,000898.SZ,2013/1/4,SELL,2,106001,涨幅偏离值达7%的证券,中信证券股份有限公司上海溧阳路证券营业部,4270,10097267,10101537,-10092997,389722923
98375,600537.SH,2013/1/4,SELL,2,106001,涨幅偏离值达7%的证券,中信证券股份有限公司深圳福华一路证券营业部,,7344690.83,,,205246528
98664,000898.SZ,2013/1/4,SELL,1,106001,涨幅偏离值达7%的证券,中信证券股份有限公司深圳福华一路证券营业部,6113966,16039703,22153669,-9925737,389722923
98570,002492.SZ,2013/1/4,SELL,5,106001,涨幅偏离值达7%的证券,中银国际证券有限责任公司北京宣外大街证券营业部,6875,2201209,2208084,-2194334,145970121
98503,300103.SZ,2013/1/4,SELL,2,106004,换手率达20%的证券,中银国际证券有限责任公司沈阳和平南大街证券营业部,0,5629829,5629829,-5629829,255676532
98515,002703.SZ,2013/1/4,SELL,3,106004,换手率达20%的证券,中银国际证券有限责任公司沈阳和平南大街证券营业部,0,823189,823189,-823189,81835212
98419,300348.SZ,2013/1/4,BUY,2,106004,换手率达20%的证券,中银国际证券有限责任公司重庆江北证券营业部,2629503,6433,2635936,2623070,152656246
98581,002484.SZ,2013/1/4,BUY,5,106001,涨幅偏离值达7%的证券,中原证券股份有限公司杭州新华路证券营业部,1477378,2301103,3778481,-823725,100196276
98587,002484.SZ,2013/1/4,SELL,1,106001,涨幅偏离值达7%的证券,中原证券股份有限公司杭州新华路证券营业部,1477378,2301103,3778481,-823725,100196276
98414,300348.SZ,2013/1/4,SELL,4,106004,换手率达20%的证券,中原证券股份有限公司开封大梁路证券营业部,189000,2284431,2473431,-2095431,152656246
